task,target,model_name,group_column,group_value,n_obs_full,auroc_full,log_loss_full,brier_score_full,expected_calibration_error_full,rmse_full,mae_full,n_obs_no_motion,auroc_no_motion,log_loss_no_motion,brier_score_no_motion,expected_calibration_error_no_motion,rmse_no_motion,mae_no_motion,improvement_auroc,improvement_log_loss,improvement_brier_score,improvement_expected_calibration_error,improvement_rmse,improvement_mae,candidate_feature_set,baseline_feature_set
classification,completion,logistic_regression,box_bucket,light_box,5752,0.5948783090538847,1.2595344554918755,0.4145470969575904,0.4109514812333378,,,5752,0.5730663328242481,0.8901990627037765,0.3343069741666841,0.3018777098327126,,,0.021811976229636598,-0.369335392788099,-0.08024012279090631,-0.10907377140062519,,,full,no_motion
classification,completion,logistic_regression,box_bucket,loaded_box,509,0.6054396662387678,1.5122659753874268,0.4725883781814294,0.4848076057793027,,,509,0.5706354300385109,0.9548098103329764,0.36165188388950903,0.3532894459709438,,,0.034804236200256855,-0.5574561650544504,-0.11093649429192037,-0.1315181598083589,,,full,no_motion
classification,completion,logistic_regression,box_bucket,standard_box,13855,0.597109686381764,1.350167445255048,0.43904620226499513,0.43763156794247277,,,13855,0.5653752347646797,0.9047640650232874,0.342345265322019,0.32030040068459087,,,0.031734451617084325,-0.4454033802317606,-0.09670093694297616,-0.1173311672578819,,,full,no_motion
classification,completion,logistic_regression,distance_bucket,long,13759,0.5911315131379109,1.3319651023454355,0.436440501850478,0.43538138288879097,,,13759,0.5591466714321036,0.9006618340124212,0.34152488656588526,0.3198171045654409,,,0.03198484170580729,-0.43130326833301436,-0.09491561528459275,-0.11556427832335009,,,full,no_motion
classification,completion,logistic_regression,distance_bucket,medium,4319,0.5951618465995789,1.305153628304624,0.41832211328691743,0.41537830497312234,,,4319,0.573087480343545,0.9041169763945976,0.33789713162954177,0.3056243675327237,,,0.022074366256033984,-0.40103665191002624,-0.08042498165737566,-0.10975393744039863,,,full,no_motion
classification,completion,logistic_regression,distance_bucket,short,2038,0.5785237683462654,1.3531350145493837,0.439788737158485,0.4364007165496694,,,2038,0.5643482596366582,0.9052217506398845,0.33944531382487414,0.3089680667515791,,,0.014175508709607154,-0.44791326390949915,-0.10034342333361085,-0.12743264979809027,,,full,no_motion
classification,completion,logistic_regression,down_bucket,early_down,14162,0.5879109215633644,1.3632821134212676,0.44847720458847834,0.4498256300366211,,,14162,0.5481031094860429,0.9109793594488722,0.347013130239217,0.33236956176711113,,,0.039807812077321536,-0.4523027539723954,-0.10146407434926136,-0.11745606826951,,,full,no_motion
classification,completion,logistic_regression,down_bucket,late_down,5954,0.5679657562996764,1.2452727969765143,0.39581346106716264,0.3864469184233201,,,5954,0.5380434782608696,0.8801880474495006,0.32512734714398883,0.2757881652320675,,,0.02992227803880676,-0.36508474952701364,-0.07068611392317381,-0.11065875319125257,,,full,no_motion
classification,completion,logistic_regression,field_zone,backed_up,11014,0.5825914418932977,1.357719965827813,0.4463136438558517,0.4453591415344224,,,11014,0.5669545926651981,0.9046986869648475,0.34293356865215874,0.322847687892775,,,0.015636849228099603,-0.4530212788629655,-0.10338007520369297,-0.1225114536416474,,,full,no_motion
classification,completion,logistic_regression,field_zone,red_zone,2754,0.6252205339242376,1.2133573755418208,0.3794604961467214,0.375519220158228,,,2754,0.5899820618339136,0.8848178342968487,0.327533863489464,0.2884991586286388,,,0.03523847209032405,-0.3285395412449721,-0.05192663265725739,-0.08702006152958919,,,full,no_motion
classification,completion,logistic_regression,field_zone,scoring_range,6348,0.5796957109493797,1.3272907384373744,0.4327780149274565,0.4306585515487941,,,6348,0.543787223565714,0.9043461986680692,0.3420147432511404,0.31605088496636585,,,0.0359084873836657,-0.42294453976930524,-0.09076327167631609,-0.11460766658242827,,,full,no_motion
classification,completion,logistic_regression,pressure_bucket,standard_rush,20115,0.5940124718071458,1.328417373179913,0.4329110602255168,0.4310727429823729,,,20115,0.5685411512868579,0.9019018072980364,0.3405509591944856,0.3155100187868072,,,0.025471320520287888,-0.42651556588187656,-0.0923601010310312,-0.11556272419556574,,,full,no_motion
classification,completion,logistic_regression,qb_location,0,225,0.5306472703497875,1.4623198115243785,0.481204435487175,0.4912952668237377,,,225,0.4848806799607714,0.9292182979707834,0.35271142316721305,0.32753971221098194,,,0.04576659038901615,-0.5331015135535951,-0.12849301231996196,-0.16375555461275576,,,full,no_motion
classification,completion,logistic_regression,qb_location,P,666,0.5670066356553312,1.394888431196598,0.463099546755959,0.46227760963140524,,,666,0.5247849912840812,0.9113543537326715,0.3475624925432963,0.3344588157492523,,,0.04222164437124998,-0.4835340774639266,-0.1155370542126627,-0.12781879388215295,,,full,no_motion
classification,completion,logistic_regression,qb_location,S,16342,0.5989980036615936,1.3047211874381153,0.42688773672540614,0.4252338642174603,,,16342,0.5743009384010113,0.8951147529599549,0.33742489394624325,0.31012659773118756,,,0.02469706526058235,-0.40960643447816036,-0.08946284277916289,-0.11510726648627273,,,full,no_motion
classification,completion,logistic_regression,qb_location,U,2883,0.5923786017277302,1.4364842960758093,0.4561612309695618,0.45433590442618405,,,2883,0.5476369868146912,0.9358057278974287,0.3555927395862414,0.3410332963375128,,,0.04474161491303896,-0.5006785681783806,-0.10056849138332041,-0.11330260808867126,,,full,no_motion
classification,completion,logistic_regression,score_state,leading_big,2264,0.6082511134280713,1.2550418920677415,0.4154681901143184,0.41000663306730223,,,2264,0.5606649353825559,0.8622058366561843,0.3258795126551659,0.293159100850142,,,0.04758617804551535,-0.3928360554115572,-0.0895886774591525,-0.11684753221716021,,,full,no_motion
classification,completion,logistic_regression,score_state,one_score,12762,0.5957125082306951,1.340121016149541,0.4365540018998158,0.4365514387956665,,,12762,0.5730995881281904,0.9064535991093191,0.343002477271614,0.32210488741005333,,,0.022612920102504708,-0.4336674170402218,-0.09355152462820182,-0.11444655138561316,,,full,no_motion
classification,completion,logistic_regression,score_state,trailing_big,5090,0.5835807274073851,1.3314570278444697,0.4314509555818565,0.42672682059277717,,,5090,0.5599957214273918,0.9080028442056037,0.34086824042268504,0.30952662606079084,,,0.023585005979993245,-0.423454183638866,-0.09058271515917143,-0.11720019453198632,,,full,no_motion
classification,completion,logistic_regression,starting_hash,0,227,0.529665071770335,1.4367915859525617,0.4728874448565195,0.48123225148282367,,,227,0.48979266347687406,0.9164019469016156,0.34720364591147773,0.31730583882648694,,,0.03987240829346089,-0.5203896390509462,-0.12568379894504178,-0.16392641265633673,,,full,no_motion
classification,completion,logistic_regression,starting_hash,L,9159,0.5974741993866588,1.3227592654031202,0.43088833553827416,0.42723522689596416,,,9159,0.5683867955702284,0.9023972851619675,0.34076361649496495,0.3161575627532276,,,0.02908740381643038,-0.4203619802411527,-0.09012471904330921,-0.11107766414273657,,,full,no_motion
classification,completion,logistic_regression,starting_hash,M,2114,0.5850983497863562,1.3568945690691256,0.43925922422461505,0.44024796889040124,,,2114,0.5683623102991013,0.9116173268547164,0.34455143484501055,0.32419265199087827,,,0.016736039487254883,-0.44527724221440923,-0.0947077893796045,-0.11605531689952298,,,full,no_motion
classification,completion,logistic_regression,starting_hash,R,8616,0.5938853402994669,1.324440181362537,0.43240039500784555,0.4315514214902404,,,8616,0.5707360615003529,0.8985248743399791,0.3391315286654431,0.3134611636838991,,,0.023149278799113993,-0.425915307022558,-0.09326886634240245,-0.1180902578063413,,,full,no_motion
classification,completion,random_forest,box_bucket,light_box,5752,0.595856951950188,1.0598770612813366,0.370895904531145,0.3589667345720966,,,5752,0.5721792273652881,0.8662929031550004,0.3188480787787967,0.26982653331395373,,,0.023677724584899806,-0.19358415812633623,-0.05204782575234834,-0.08914020125814287,,,full,no_motion
classification,completion,random_forest,box_bucket,loaded_box,509,0.5585847240051347,1.1129821368502786,0.39932565264972175,0.4026822812736611,,,509,0.5722721437740693,0.8365947256160134,0.31425743571091785,0.27556586822496015,,,-0.013687419768934617,-0.27638741123426513,-0.0850682169388039,-0.12711641304870097,,,full,no_motion
classification,completion,random_forest,box_bucket,standard_box,13855,0.5885274662802904,1.1015845986832133,0.38836237726405587,0.37966903249298173,,,13855,0.5624136574606207,0.8428378534703983,0.31335652389423485,0.2650039860306508,,,0.026113808819669737,-0.25874674521281504,-0.07500585336982102,-0.11466504646233094,,,full,no_motion
classification,completion,random_forest,distance_bucket,long,13759,0.5890548907814857,1.0856864545590488,0.3838874256602766,0.37512397636105294,,,13759,0.5568785555995746,0.8308447136474056,0.30891414482027457,0.2574095065084344,,,0.0321763351819111,-0.25484174091164313,-0.07497328084000204,-0.11771446985261852,,,full,no_motion
classification,completion,random_forest,distance_bucket,medium,4319,0.5865307042136791,1.0980678948762,0.3794419167597429,0.36893839400527034,,,4319,0.5695770522245517,0.8877433737221043,0.3266152781419784,0.2811916446018356,,,0.01695365198912746,-0.2103245211540956,-0.05282663861776454,-0.08774674940343474,,,full,no_motion
classification,completion,random_forest,distance_bucket,short,2038,0.5727004845595338,1.1015015763762013,0.3909195333220179,0.38144029976768024,,,2038,0.5789941104982705,0.8932806221482137,0.3309738555396258,0.2979682463551161,,,-0.006293625938736724,-0.2082209542279876,-0.05994567778239207,-0.08347205341256414,,,full,no_motion
classification,completion,random_forest,down_bucket,early_down,14162,0.5831760932181337,1.1037806568379336,0.39290882847688247,0.3883245080222002,,,14162,0.5425083251096097,0.8321282176622852,0.3106037206909079,0.2647553168600297,,,0.040667768108524016,-0.2716524391756484,-0.08230510778597455,-0.12356919116217052,,,full,no_motion
classification,completion,random_forest,down_bucket,late_down,5954,0.5584566639134496,1.0570429487343203,0.3616116741964627,0.3408634284393616,,,5954,0.5356286587319856,0.8904370399034599,0.32528651831415556,0.2706852246860604,,,0.022828005181463995,-0.16660590883086035,-0.036325155882307114,-0.07017820375330125,,,full,no_motion
classification,completion,random_forest,field_zone,backed_up,11014,0.5891070489999388,1.1314709715968807,0.39843052799092854,0.39315825845057567,,,11014,0.5682822184268268,0.8601712793705459,0.3198900165968023,0.2798992575391937,,,0.02082483057311202,-0.27129969222633477,-0.07854051139412627,-0.11325900091138197,,,full,no_motion
classification,completion,random_forest,field_zone,red_zone,2754,0.6179587422180015,0.9333418644618751,0.32623877694347236,0.3003831017652601,,,2754,0.5859359501952094,0.8022101422508215,0.2935941840633902,0.21959168584277652,,,0.032022792022792124,-0.13113172221105351,-0.032644592880082146,-0.0807914159224836,,,full,no_motion
classification,completion,random_forest,field_zone,scoring_range,6348,0.5860568587271969,1.0858428801208115,0.38289781191886246,0.37322043021946394,,,6348,0.5531938534889229,0.85114189530128,0.31564253257078817,0.263894692516285,,,0.03286300523827401,-0.2347009848195315,-0.06725527934807429,-0.10932573770317894,,,full,no_motion
classification,completion,random_forest,pressure_bucket,standard_rush,20115,0.5901049062877601,1.089998324099579,0.3836643025031722,0.37411538227232477,,,20115,0.567910064250331,0.8494229107590558,0.3149646042540914,0.266472221181483,,,0.022194842037429163,-0.24057541334052313,-0.06869969824908079,-0.10764316109084177,,,full,no_motion
classification,completion,random_forest,qb_location,0,225,0.5036776724419745,1.1063284710477947,0.4062722548608177,0.4054526658240718,,,225,0.46395881006864986,0.9087831347155787,0.3408970710769143,0.28965777777391155,,,0.039718862373324615,-0.19754533633221605,-0.06537518378390339,-0.11579488805016025,,,full,no_motion
classification,completion,random_forest,qb_location,P,666,0.5971993489545713,0.9801606477516958,0.3637664356715391,0.3546370437882113,,,666,0.5068234568971329,0.793728456893778,0.29559597297490753,0.23148881964849893,,,0.09037589205743835,-0.18643219085791773,-0.06817046269663157,-0.12314822413971238,,,full,no_motion
classification,completion,random_forest,qb_location,S,16342,0.5958065921631625,1.0794356433989585,0.379279828728396,0.3694014432947931,,,16342,0.5751937121866681,0.8532367542120138,0.3152721223806034,0.2669865607938497,,,0.020612879976494303,-0.22619888918694464,-0.06400770634779257,-0.10241488250094338,,,full,no_motion
classification,completion,random_forest,qb_location,U,2883,0.5541057322867693,1.173613318449115,0.41121750692853704,0.40692759506471593,,,2883,0.5154636342288418,0.8357847933345441,0.31556713129715747,0.27038909003208766,,,0.03864209805792751,-0.33782852511457095,-0.09565037563137957,-0.13653850503262827,,,full,no_motion
classification,completion,random_forest,score_state,leading_big,2264,0.6034619246215632,1.0233261865636913,0.3660826528092212,0.35333647117518685,,,2264,0.5586866697559469,0.798718440412904,0.29662112028000187,0.23347404105526934,,,0.04477525486561629,-0.22460774615078738,-0.06946153252921933,-0.11986243011991751,,,full,no_motion
classification,completion,random_forest,score_state,one_score,12762,0.5987647614674947,1.0744690884672567,0.380467763071556,0.37236255829120835,,,12762,0.5727658451582872,0.8396359552140438,0.3115554170301216,0.2637514459553524,,,0.025998916309207476,-0.23483313325321298,-0.06891234604143442,-0.10861111233585596,,,full,no_motion
classification,completion,random_forest,score_state,trailing_big,5090,0.5551291578468022,1.1583871091362732,0.39942436518193986,0.3878037389485565,,,5090,0.5503385952270146,0.896371187540676,0.331612057763219,0.28845956468608136,,,0.004790562619787608,-0.26201592159559717,-0.06781230741872085,-0.09934417426247516,,,full,no_motion
classification,completion,random_forest,starting_hash,0,227,0.5143540669856459,1.0896024819798251,0.399631835028767,0.3962649324207627,,,227,0.4650717703349282,0.8971909055621862,0.3359821794707776,0.2783976942149255,,,0.049282296650717705,-0.19241157641763895,-0.0636496555579894,-0.11786723820583722,,,full,no_motion
classification,completion,random_forest,starting_hash,L,9159,0.5895136132945954,1.090079430769805,0.38316664939109324,0.37197791237423455,,,9159,0.5639182196029212,0.8492309161498771,0.31496039048280733,0.2658778659530461,,,0.025595393691674184,-0.24084851461992784,-0.06820625890828591,-0.10610004642118848,,,full,no_motion
classification,completion,random_forest,starting_hash,M,2114,0.5806891852070134,1.0971861240917509,0.3867450619382526,0.37910957343287943,,,2114,0.5609363489023133,0.8519039819259306,0.3163731741292462,0.2685173143188603,,,0.01975283630470015,-0.24528214216582023,-0.07037188780900638,-0.11059225911401915,,,full,no_motion
classification,completion,random_forest,starting_hash,R,8616,0.5942160419185812,1.0880393039395235,0.38297259839755454,0.3747740042754807,,,8616,0.5763114944514269,0.8476750974637564,0.31403467516086286,0.26631185491594495,,,0.017904547467154308,-0.24036420647576717,-0.06893792323669168,-0.10846214935953574,,,full,no_motion
classification,explosive,logistic_regression,box_bucket,light_box,5752,0.5747002838537318,0.38007270802095733,0.11126703257001082,0.17457579693973704,,,5752,0.5696514443145767,0.44105010154621144,0.13683124474469824,0.23275823803289344,,,0.005048839539155137,0.06097739352525411,0.02556421217468742,0.0581824410931564,,,full,no_motion
classification,explosive,logistic_regression,box_bucket,loaded_box,509,0.7007326007326007,0.35988243054715935,0.11586336274204173,0.13344224470665814,,,509,0.7249084249084249,0.38543325290253677,0.1272770812532357,0.16685242344365597,,,-0.0241758241758242,0.025550822355377423,0.011413718511193965,0.033410178736997836,,,full,no_motion
classification,explosive,logistic_regression,box_bucket,standard_box,13855,0.6063944367406917,0.3766109196569185,0.11071680457787375,0.16807102916286,,,13855,0.5992952790943146,0.445222454189964,0.1399218204941633,0.23308904268517786,,,0.007099157646377141,0.06861153453304547,0.029205015916289545,0.06501801352231787,,,full,no_motion
classification,explosive,logistic_regression,distance_bucket,long,13759,0.5852502604761225,0.3900457160635916,0.11451879543917527,0.16907690000254866,,,13759,0.579906110664488,0.45336045761763105,0.14107061603822912,0.23162568840324108,,,0.005344149811634447,0.06331474155403943,0.026551820599053852,0.06254878840069242,,,full,no_motion
classification,explosive,logistic_regression,distance_bucket,medium,4319,0.6331946887491964,0.3621017331888549,0.10747795859490072,0.17314773450023516,,,4319,0.6250701475574503,0.4328388422902973,0.13817565406454968,0.23607281809994182,,,0.008124541191746104,0.07073710910144237,0.030697695469648956,0.06292508359970667,,,full,no_motion
classification,explosive,logistic_regression,distance_bucket,short,2038,0.6576509264793783,0.322250379082451,0.0947509032315278,0.1603007857460936,,,2038,0.6526117420468885,0.3898161513299171,0.12398573164928828,0.21861592618284792,,,0.005039184432489741,0.06756577224746607,0.029234828417760483,0.058315140436754315,,,full,no_motion
classification,explosive,logistic_regression,down_bucket,early_down,14162,0.6068851872037,0.3778397949491419,0.11094165907275053,0.16904329853505018,,,14162,0.5999908342573259,0.4422670113644694,0.1380869110195342,0.23091788537038924,,,0.006894352946374083,0.0644272164153275,0.02714525194678366,0.06187458683533906,,,full,no_motion
classification,explosive,logistic_regression,down_bucket,late_down,5954,0.5893716933108358,0.3756021984316273,0.11115350598195325,0.16887227685838418,,,5954,0.5849606772099407,0.44311007686925347,0.14021957393641096,0.2320820478768952,,,0.004411016100895115,0.06750787843762618,0.02906606795445771,0.06320977101851102,,,full,no_motion
classification,explosive,logistic_regression,field_zone,backed_up,11014,0.5460398526880571,0.4290413258873802,0.12716000240637598,0.18940188370548766,,,11014,0.538724870985539,0.5028967459092348,0.15876596815442584,0.26009736702722147,,,0.007314981702518097,0.07385542002185463,0.03160596574804986,0.07069548332173381,,,full,no_motion
classification,explosive,logistic_regression,field_zone,red_zone,2754,0.6321545752825374,0.039754279848511424,0.0049866557157328675,0.02143022490444858,,,2754,0.6570775196367613,0.04718830362507005,0.0056478514826483845,0.030109840930334295,,,-0.02492294435422393,0.007434023776558628,0.000661195766915517,0.008679616025885715,,,full,no_motion
classification,explosive,logistic_regression,field_zone,scoring_range,6348,0.5221408506269428,0.4335787989138705,0.12896821582543935,0.1977684340479206,,,6348,0.5145631125645242,0.5092629907050086,0.16166534669816854,0.2687628280999109,,,0.007577738062418571,0.07568419179113806,0.032697130872729185,0.07099439405199032,,,full,no_motion
classification,explosive,logistic_regression,pressure_bucket,standard_rush,20115,0.6024412718247719,0.3771747024538899,0.1110037286100557,0.1689835918428897,,,20115,0.5962299178282192,0.44252249370423236,0.13872125507741087,0.23126023797449027,,,0.006211353996552704,0.06534779125034246,0.027717526467355175,0.06227664613160058,,,full,no_motion
classification,explosive,logistic_regression,qb_location,0,225,0.6098673300165838,0.6227987066090365,0.21979105345655506,0.33398329977435903,,,225,0.587893864013267,0.492428877630237,0.15659034084990614,0.23370477062786038,,,0.021973466003316733,-0.13036982897879945,-0.06320071260664892,-0.10027852914649865,,,full,no_motion
classification,explosive,logistic_regression,qb_location,P,666,0.5949090526204953,0.4001241655323666,0.12037590527103934,0.1676638215665118,,,666,0.5773250151359604,0.4519139853804829,0.14215288474498222,0.22070268142968372,,,0.017584037484534965,0.05178981984811626,0.021776979473942887,0.05303885986317192,,,full,no_motion
classification,explosive,logistic_regression,qb_location,S,16342,0.5862396956758139,0.36096868753679895,0.1038624950540728,0.1647995230263693,,,16342,0.5781899492496908,0.42865775972458015,0.1323395895172597,0.22867814883182702,,,0.008049746426123106,0.0676890721877812,0.028477094463186886,0.06387862580545772,,,full,no_motion
classification,explosive,logistic_regression,qb_location,U,2883,0.6128630606891476,0.44458549100717965,0.1408322984019936,0.18019166748482304,,,2883,0.6099300881909577,0.5150074545521528,0.17268607605049927,0.248175097177329,,,0.002932972498189912,0.07042196354497315,0.031853777648505666,0.06798342969250595,,,full,no_motion
classification,explosive,logistic_regression,score_state,leading_big,2264,0.6050060845586184,0.39822886316736983,0.1200049461264107,0.16036539762329258,,,2264,0.6038896517846177,0.4572643922091419,0.14537092750074407,0.2211342835970014,,,0.001116432774000642,0.05903552904177206,0.025365981374333366,0.06076888597370883,,,full,no_motion
classification,explosive,logistic_regression,score_state,one_score,12762,0.6005660750937927,0.37999553605168784,0.11211266248657425,0.17085534713907607,,,12762,0.592109965818892,0.44743826972632367,0.1407758617746101,0.23455867859302015,,,0.008456109274900703,0.06744273367463582,0.028663199288035845,0.06370333145394408,,,full,no_motion
classification,explosive,logistic_regression,score_state,trailing_big,5090,0.5999501259263941,0.36074842597821044,0.10422215200805263,0.16815982904915058,,,5090,0.5979641899638017,0.42361670538591556,0.13059977391881636,0.2275028941860023,,,0.0019859359625923334,0.06286827940770512,0.026377621910763732,0.059343065136851725,,,full,no_motion
classification,explosive,logistic_regression,starting_hash,0,227,0.6209900990099011,0.6185379627995301,0.217770860810462,0.3289843228775555,,,227,0.6069306930693069,0.49208609851408336,0.1564487016497687,0.2298673389205603,,,0.014059405940594183,-0.12645186428544675,-0.06132215916069331,-0.09911698395699522,,,full,no_motion
classification,explosive,logistic_regression,starting_hash,L,9159,0.6115192622985449,0.37250736143743,0.10877809718099965,0.16319134257873286,,,9159,0.6015243914842373,0.444244479097222,0.13924305557260439,0.23151918567955815,,,0.00999487081430761,0.07173711765979196,0.030464958391604735,0.06832784310082529,,,full,no_motion
classification,explosive,logistic_regression,starting_hash,M,2114,0.5697250472095192,0.39455369640611054,0.11908161066004769,0.17601587668759894,,,2114,0.5679760198393738,0.4379328761933178,0.13789640036681308,0.21905091395320206,,,0.001749027370145373,0.043379179787207234,0.018814789706765395,0.04303503726560312,,,full,no_motion
classification,explosive,logistic_regression,starting_hash,R,8616,0.5999514303700285,0.3715196274800632,0.10857621262589959,0.16925090810518573,,,8616,0.5973430888798216,0.44049837325166247,0.13789463619273562,0.23410329905404836,,,0.0026083414902069446,0.06897874577159929,0.029318423566836033,0.06485239094886264,,,full,no_motion
classification,explosive,random_forest,box_bucket,light_box,5752,0.5800884955752211,0.2982269668745995,0.07412379341195666,0.044605023403642745,,,5752,0.5752529637669059,0.3013253187965672,0.07436110255702788,0.04670190971297752,,,0.004835531808315197,0.0030983519219677236,0.00023730914507122391,0.0020968863093347723,,,full,no_motion
classification,explosive,random_forest,box_bucket,loaded_box,509,0.7491249491249492,0.35065574771009,0.09616018213420542,0.0738996548616507,,,509,0.7452991452991453,0.35503967396978775,0.0959335262928039,0.076334450130231,,,0.0038258038258038862,0.004383926259697746,-0.00022665584140152406,0.0024347952685803004,,,full,no_motion
classification,explosive,random_forest,box_bucket,standard_box,13855,0.583730502031721,0.3246423467686241,0.07826087871313225,0.05592365258965045,,,13855,0.5959812626335796,0.3124423764163449,0.07759233476566908,0.05105970011350951,,,-0.01225076060185859,-0.012199970352279155,-0.000668543947463171,-0.004863952476140944,,,full,no_motion
classification,explosive,random_forest,distance_bucket,long,13759,0.5649794342126029,0.33906478041270827,0.08277584952989596,0.05741441741950111,,,13759,0.5733570061948464,0.3309654353437243,0.08233315892880123,0.05466978798035532,,,-0.008377571982243537,-0.008099345068983965,-0.00044269060109472513,-0.0027446294391457876,,,full,no_motion
classification,explosive,random_forest,distance_bucket,medium,4319,0.6392277716734338,0.2853782505368225,0.06968871540860073,0.04780973849274776,,,4319,0.6361876512004073,0.2804170320107865,0.06945463849929132,0.04551123012888019,,,0.0030401204730264864,-0.004961218526035982,-0.00023407690930941916,-0.0022985083638675657,,,full,no_motion
classification,explosive,random_forest,distance_bucket,short,2038,0.6385734210001993,0.24242592039226155,0.05873974065296733,0.03518537217721134,,,2038,0.6608678687653582,0.2345205921825542,0.05829269263473561,0.03444647118300724,,,-0.022294447765158876,-0.007905328209707352,-0.0004470480182317202,-0.0007389009942041017,,,full,no_motion
classification,explosive,random_forest,down_bucket,early_down,14162,0.5868919329265458,0.3181734530840631,0.07801295668912381,0.05290405015271156,,,14162,0.6004644196090184,0.30899081438300724,0.07748128642506734,0.04957830025368938,,,-0.013572486682472573,-0.009182638701055845,-0.0005316702640564691,-0.003325749899022179,,,full,no_motion
classification,explosive,random_forest,down_bucket,late_down,5954,0.5901106757800212,0.31673371866810823,0.07638404003207278,0.0531815485951653,,,5954,0.5843498155403666,0.31355385282579573,0.0763028294621436,0.05208080600677405,,,0.005760860239654608,-0.0031798658423125015,-8.121056992917153e-05,-0.0011007425883912542,,,full,no_motion
classification,explosive,random_forest,field_zone,backed_up,11014,0.5347068644947295,0.3714388913032161,0.09045777449457325,0.06420861343070021,,,11014,0.5393424748639424,0.36260576740335754,0.08999337433844644,0.060860440565185026,,,-0.004635610369212895,-0.008833123899858575,-0.0004644001561268096,-0.0033481728655151838,,,full,no_motion
classification,explosive,random_forest,field_zone,red_zone,2754,0.9391177542836311,0.022590011094242305,0.003935088686119522,0.003605896486251199,,,2754,0.959367646571438,0.019840445172574963,0.003847556724592416,0.0017852092394108744,,,-0.020249892287806937,-0.002749565921667342,-8.753196152710627e-05,-0.0018206872468403245,,,full,no_motion
classification,explosive,random_forest,field_zone,scoring_range,6348,0.5138694471114998,0.35264085761802977,0.08703070328568518,0.058094225482596774,,,6348,0.5193819336838003,0.3456910908681608,0.0866121343393557,0.05381156268755327,,,-0.005512486572300412,-0.006949766749868969,-0.00041856894632948116,-0.004282662795043503,,,full,no_motion
classification,explosive,random_forest,pressure_bucket,standard_rush,20115,0.58792846335987,0.31776238027325493,0.07753466832421156,0.05298417153211572,,,20115,0.5953249170542054,0.3103555125117902,0.07713628362775894,0.05006325125517596,,,-0.007396453694335392,-0.007406867761464708,-0.0003983846964526194,-0.0029209202769397632,,,full,no_motion
classification,explosive,random_forest,qb_location,0,225,0.49834162520729686,0.3459525352565086,0.09630707898283125,0.03752472376358583,,,225,0.4856965174129353,0.3856581887011926,0.09970801761305124,0.06363192097669138,,,0.012645107794361565,0.03970565344468402,0.0034009386302199934,0.026107197213105546,,,full,no_motion
classification,explosive,random_forest,qb_location,P,666,0.5420516465292584,0.3625069288144446,0.08964186328812865,0.06425332361601813,,,666,0.5781147174182,0.36067251739296385,0.08948760004455843,0.06663091869937295,,,-0.03606307088894156,-0.0018344114214807195,-0.00015426324357022125,0.0023775950833548193,,,full,no_motion
classification,explosive,random_forest,qb_location,S,16342,0.5775787144493312,0.2995635788355619,0.07163785356653578,0.04852356624296578,,,16342,0.5841042233670439,0.2924921800261031,0.07128266818319236,0.04543544268148642,,,-0.006525508917712752,-0.007071398809458784,-0.0003551853833434204,-0.0030881235614793542,,,full,no_motion
classification,explosive,random_forest,qb_location,U,2883,0.5856864769908248,0.40827889808273726,0.10667141528857933,0.07772585574288243,,,2883,0.5942824247172073,0.394012958025972,0.10567555183040742,0.07229151127708815,,,-0.008595947726382502,-0.014265940056765236,-0.0009958634581719167,-0.005434344465794286,,,full,no_motion
classification,explosive,random_forest,score_state,leading_big,2264,0.5902111174375635,0.3682232861695123,0.09124021563527028,0.06877376683374031,,,2264,0.5744962097107323,0.3687664291004875,0.09138407569150421,0.06834924467504899,,,0.01571490772683115,0.0005431429309752378,0.00014386005623392983,-0.0004245221586913206,,,full,no_motion
classification,explosive,random_forest,score_state,one_score,12762,0.5850570604572003,0.31864652157045364,0.07801382822430432,0.05298765664110862,,,12762,0.5950722039449765,0.3099881626464602,0.07754405472674115,0.049800372185468,,,-0.010015143487776212,-0.00865835892399347,-0.000469773497563164,-0.003187284455640621,,,full,no_motion
classification,explosive,random_forest,score_state,trailing_big,5090,0.590630895747389,0.2930413704040302,0.07022195343526696,0.04683364018651911,,,5090,0.606736159380388,0.28523996578375393,0.06976154247174271,0.04419010099992505,,,-0.016105263632999023,-0.0078014046202762866,-0.0004604109635242548,-0.00264353918659406,,,full,no_motion
classification,explosive,random_forest,starting_hash,0,227,0.4912871287128713,0.3565067583549152,0.09945596700467517,0.04156747052464411,,,227,0.49465346534653465,0.39589551918245064,0.10283276308193895,0.06770426537563187,,,-0.0033663366336633693,0.03938876082753545,0.00337679607726378,0.026136794850987764,,,full,no_motion
classification,explosive,random_forest,starting_hash,L,9159,0.5967130025013777,0.32325524777492265,0.07876198271959077,0.05552905793951164,,,9159,0.5945589948673718,0.3147414353619316,0.0783285797909944,0.05166278398887783,,,0.002154007634005861,-0.00851381241299104,-0.00043340292859636587,-0.003866273950633811,,,full,no_motion
classification,explosive,random_forest,starting_hash,M,2114,0.5665853297840876,0.3386016495047046,0.08169366741943718,0.05812580468403907,,,2114,0.5763315359588652,0.3290867831849167,0.08131277001130308,0.055139691934794934,,,-0.009746206174777616,-0.009514866319787929,-0.000380897408134101,-0.002986112749244138,,,full,no_motion
classification,explosive,random_forest,starting_hash,R,8616,0.5839098886577465,0.3057543254359786,0.07462304431509391,0.04942900918285588,,,8616,0.6032951911235378,0.29881070148905226,0.07415823231664276,0.04723814695589672,,,-0.019385302465791288,-0.006943623946926325,-0.0004648119984511506,-0.0021908622269591616,,,full,no_motion
classification,success,logistic_regression,box_bucket,light_box,5752,0.5710335020522534,0.7559925347456238,0.2732368343674802,0.1777787174105816,,,5752,0.5782260093535401,0.7230407743276173,0.26112873657798186,0.14169485599546455,,,-0.007192507301286621,-0.032951760418006515,-0.01210809778949834,-0.03608386141511705,,,full,no_motion
classification,success,logistic_regression,box_bucket,loaded_box,509,0.5705019305019305,0.8330025630715445,0.3080789629006354,0.24921716603497288,,,509,0.5553976833976834,0.7654531370190625,0.28216084566882654,0.18593787984928176,,,0.015104247104247182,-0.06754942605248204,-0.025918117231808868,-0.06327928618569112,,,full,no_motion
classification,success,logistic_regression,box_bucket,standard_box,13855,0.5605578023745478,0.7878519780624124,0.2886088153268577,0.20145569549856723,,,13855,0.5732440669057479,0.7378457329663761,0.2692838431976071,0.1563047247213132,,,-0.012686264531200142,-0.05000624509603624,-0.019324972129250606,-0.045150970777254024,,,full,no_motion
classification,success,logistic_regression,distance_bucket,long,13759,0.5572542110231516,0.7791261833125274,0.28305521741394346,0.19284307955448635,,,13759,0.5713707316201101,0.7329720632940907,0.2660589947333012,0.15301868813372183,,,-0.014116520596958448,-0.04615412001843666,-0.01699622268064227,-0.03982439142076452,,,full,no_motion
classification,success,logistic_regression,distance_bucket,medium,4319,0.5630049299228248,0.7759956699066425,0.2849567275676618,0.1952697631998622,,,4319,0.5659142726858185,0.7337584935425622,0.2679837595232867,0.14835505697425141,,,-0.002909342762993705,-0.04223717636408031,-0.016972968044375147,-0.04691470622561078,,,full,no_motion
classification,success,logistic_regression,distance_bucket,short,2038,0.5494419859477504,0.7932453709475543,0.29531931157438823,0.21624653327368346,,,2038,0.5541749155700477,0.7445207352554363,0.274010031809747,0.16529719918912772,,,-0.004732929622297322,-0.048724635692118046,-0.021309279764641254,-0.050949334084555736,,,full,no_motion
classification,success,logistic_regression,down_bucket,early_down,14162,0.5403334954342982,0.7963309306787008,0.2929838565467686,0.2054378539741572,,,14162,0.5516114716343821,0.7477400635025946,0.27405389859770873,0.16156163818907315,,,-0.011277976200083861,-0.04859086717610617,-0.018929957949059883,-0.04387621578508405,,,full,no_motion
classification,success,logistic_regression,down_bucket,late_down,5954,0.593981080585791,0.7407655156605989,0.26501649703333,0.17278440945562049,,,5954,0.6033384446314098,0.7023688329863211,0.25116034578503177,0.13303903184232035,,,-0.009357364045618821,-0.03839668267427776,-0.013856151248298254,-0.03974537761330013,,,full,no_motion
classification,success,logistic_regression,field_zone,backed_up,11014,0.5759212410267491,0.7772818237762735,0.2841096285001593,0.19747026222518616,,,11014,0.591491035503975,0.7299680504153174,0.2657235082581645,0.1537356367822979,,,-0.01556979447722584,-0.0473137733609561,-0.01838612024199482,-0.04373462544288825,,,full,no_motion
classification,success,logistic_regression,field_zone,red_zone,2754,0.5562170842788797,0.7677143957334905,0.27668149165967293,0.18915564093700818,,,2754,0.5614597521046821,0.7280578580881607,0.26258190924968783,0.15007954297938605,,,-0.005242667825802405,-0.03965653764532984,-0.0140995824099851,-0.039076097957622125,,,full,no_motion
classification,success,logistic_regression,field_zone,scoring_range,6348,0.5429505483590058,0.7896800673587048,0.2892220106207135,0.1981592026379922,,,6348,0.5477693959561791,0.7445588157648392,0.27201176948893613,0.15386219281325955,,,-0.004818847597173326,-0.0451212515938656,-0.017210241131777382,-0.04429700982473264,,,full,no_motion
classification,success,logistic_regression,pressure_bucket,standard_rush,20115,0.5645758234884587,0.7798600069561578,0.28469437710000617,0.19562740897459874,,,20115,0.5759949599722555,0.7342957917402975,0.26727031893155584,0.15280157648576106,,,-0.011419136483796777,-0.04556421521586029,-0.01742405816845033,-0.04282583248883767,,,full,no_motion
classification,success,logistic_regression,qb_location,0,225,0.5885745891276866,0.7822336042164567,0.2873553995037955,0.21177416875257418,,,225,0.5914190897597976,0.759951062915618,0.2784320375706983,0.18521539577428187,,,-0.0028445006321110577,-0.022282541300838732,-0.00892336193309723,-0.026558772978292317,,,full,no_motion
classification,success,logistic_regression,qb_location,P,666,0.5322756667538535,0.812879515025693,0.300625964992327,0.22759937173015193,,,666,0.5327446718317355,0.7623534027703409,0.280957130568368,0.17629350797798207,,,-0.00046900507788194545,-0.050526112255352085,-0.019668834423959003,-0.05130586375216986,,,full,no_motion
classification,success,logistic_regression,qb_location,S,16342,0.563549431936021,0.7745622230124611,0.2819119964222193,0.19025972308378156,,,16342,0.5772300557354934,0.7293871682250902,0.2647817179746432,0.1477875137591467,,,-0.013680623799472325,-0.04517505478737094,-0.017130278447576086,-0.04247220932463486,,,full,no_motion
classification,success,logistic_regression,qb_location,U,2883,0.5641921515066639,0.8022477815086759,0.2966589998774306,0.22048210909468743,,,2883,0.5627878504376048,0.7537417108528663,0.2773959480372076,0.17416120806849597,,,0.0014043010690590885,-0.048506070655809586,-0.019263051840223033,-0.04632090102619146,,,full,no_motion
classification,success,logistic_regression,score_state,leading_big,2264,0.560496228677674,0.8091670844570965,0.297177025249702,0.22095351236353117,,,2264,0.5681201198386007,0.7607033283707513,0.279138655080367,0.1806149891322745,,,-0.007623891160926655,-0.04846375608634523,-0.018038370169335016,-0.04033852323125667,,,full,no_motion
classification,success,logistic_regression,score_state,one_score,12762,0.5659547896499282,0.7782284350912531,0.28419777843964455,0.1940440852409915,,,12762,0.5813887237121755,0.7316500182790178,0.26621345673010677,0.15114778024797998,,,-0.015433934062247356,-0.04657841681223529,-0.017984321709537787,-0.04289630499301153,,,full,no_motion
classification,success,logistic_regression,score_state,trailing_big,5090,0.5620823910603059,0.77101197498419,0.2804331564125177,0.18990218791101351,,,5090,0.5654145020981349,0.729243407115146,0.2646707192246084,0.14492780539131397,,,-0.003332111037829044,-0.04176856786904404,-0.015762437187909317,-0.04497438251969954,,,full,no_motion
classification,success,logistic_regression,starting_hash,0,227,0.5780934637478652,0.7825603876359652,0.28725977993482205,0.20442183453835122,,,227,0.5910572892408011,0.7600599455513289,0.2784477850750275,0.18474402286520408,,,-0.012963825492935954,-0.022500442084636307,-0.008811994859794559,-0.01967781167314714,,,full,no_motion
classification,success,logistic_regression,starting_hash,L,9159,0.5609121403353063,0.783183814202281,0.2863793311513529,0.19800521958417802,,,9159,0.5740174708949577,0.7364140225714164,0.2684374770469853,0.15503556357632803,,,-0.013105330559651351,-0.04676979163086459,-0.017941854104367605,-0.04296965600784999,,,full,no_motion
classification,success,logistic_regression,starting_hash,M,2114,0.5519096050099734,0.7728078704615565,0.28144595173738896,0.18534748275168364,,,2114,0.5704620162269202,0.7351734049790208,0.2671683559540185,0.15190354186762864,,,-0.01855241121694673,-0.037634465482535684,-0.014277595783370456,-0.033443940884055,,,full,no_motion
classification,success,logistic_regression,starting_hash,R,8616,0.5704949187260692,0.7780430501493942,0.283659771787198,0.19559616226483603,,,8616,0.5784619425757032,0.7311853055277268,0.26577757738772817,0.15029230020499906,,,-0.007967023849633992,-0.046857744621667474,-0.01788219439946981,-0.04530386205983697,,,full,no_motion
classification,success,random_forest,box_bucket,light_box,5752,0.5555521844660194,0.7932163748934504,0.28677425799348466,0.20827332251621336,,,5752,0.5689037956823743,0.7730618139697347,0.2792684585228966,0.19318679572905667,,,-0.013351611216354864,-0.020154560923715703,-0.007505799470588048,-0.01508652678715669,,,full,no_motion
classification,success,random_forest,box_bucket,loaded_box,509,0.533003861003861,0.8650339332094259,0.31972183103205576,0.2622059873678094,,,509,0.5406795366795367,0.8123351250240064,0.30093480676426476,0.22811916240284588,,,-0.0076756756756757305,-0.0526988081854195,-0.018787024267790997,-0.03408682496496354,,,full,no_motion
classification,success,random_forest,box_bucket,standard_box,13855,0.5405968082516301,0.8331008518032333,0.3045064888217285,0.232753489172568,,,13855,0.5529015481433199,0.785481663666097,0.28771613333704005,0.20119693275589612,,,-0.012304739891689787,-0.04761918813713639,-0.016790355484688435,-0.03155655641667188,,,full,no_motion
classification,success,random_forest,distance_bucket,long,13759,0.5405855915586315,0.8177560519074037,0.29625405943058364,0.22085174909992622,,,13759,0.5591396148430986,0.7734782132127824,0.2808687073080993,0.1916596759654024,,,-0.01855402328446709,-0.04427783869462132,-0.01538535212248432,-0.02919207313452382,,,full,no_motion
classification,success,random_forest,distance_bucket,medium,4319,0.5312718856739712,0.8287380980043894,0.3040967146476417,0.23090676128970852,,,4319,0.5381146271584545,0.8007696922287375,0.2939684125695453,0.21079609571523117,,,-0.006842741484483272,-0.02796840577565185,-0.010128302078096396,-0.020110665574477354,,,full,no_motion
classification,success,random_forest,distance_bucket,short,2038,0.5339922751445985,0.841349263321686,0.3148420178264589,0.2556661403724403,,,2038,0.549248864562711,0.8057740659245923,0.30015353273375683,0.23164198436145483,,,-0.015256589418112587,-0.035575197397093694,-0.014688485092702042,-0.024024156010985454,,,full,no_motion
classification,success,random_forest,down_bucket,early_down,14162,0.5209034734300111,0.848592523240704,0.31156396101837036,0.24182847272175623,,,14162,0.5307401001083993,0.7957572695621012,0.292845646381895,0.20658293045618986,,,-0.00983662667838825,-0.052835253678602756,-0.018718314636475386,-0.035245542265566365,,,full,no_motion
classification,success,random_forest,down_bucket,late_down,5954,0.5862163572077207,0.7604514356717622,0.2718899110945126,0.19046056591174912,,,5954,0.5933975846335526,0.7513376102026254,0.2684842078251602,0.18332261704293515,,,-0.0071812274258319375,-0.00911382546913686,-0.0034057032693524114,-0.00713794886881397,,,full,no_motion
classification,success,random_forest,field_zone,backed_up,11014,0.5544081766307862,0.8347249057859186,0.30432110583612515,0.2380791652962581,,,11014,0.5708354266008704,0.7896275107733042,0.28837045217194457,0.20884988782956265,,,-0.016427249970084157,-0.04509739501261445,-0.01595065366418058,-0.029229277466695458,,,full,no_motion
classification,success,random_forest,field_zone,red_zone,2754,0.5491538725445828,0.7630494279050959,0.27521655002336226,0.17817294826545474,,,2754,0.5522535125007249,0.7403772206607409,0.26683610658159795,0.15812433185028985,,,-0.003099639956142042,-0.022672207244355036,-0.008380443441764307,-0.020048616415164894,,,full,no_motion
classification,success,random_forest,field_zone,scoring_range,6348,0.5352376238954775,0.8270946637283836,0.302687824221088,0.22786862876349015,,,6348,0.5458279954611698,0.7887558779659823,0.2890447731102525,0.2012140100794239,,,-0.010590371565692314,-0.03833878576240124,-0.013643051110835469,-0.02665461868406624,,,full,no_motion
classification,success,random_forest,pressure_bucket,standard_rush,20115,0.5460161531343778,0.8224755934614827,0.2998078176009839,0.22641131127134215,,,20115,0.5603033846883547,0.7825905415885607,0.2856256272819975,0.19939614382875734,,,-0.014287231553976931,-0.03988505187292202,-0.014182190318986432,-0.02701516744258481,,,full,no_motion
classification,success,random_forest,qb_location,0,225,0.5852560050568899,0.8151149348910623,0.3030143708815869,0.23848856114729483,,,225,0.5301833122629582,0.8258630392947293,0.30615518003979736,0.25056914316469164,,,0.05507269279393168,0.010748104403666914,0.003140809158210467,0.012080582017396813,,,full,no_motion
classification,success,random_forest,qb_location,P,666,0.5347830400548375,0.8018600082629763,0.2970097413904766,0.21742190451928872,,,666,0.5043608452914596,0.7963177436218375,0.2947417765950112,0.20660108606066926,,,0.03042219476337782,-0.005542264641138828,-0.0022679647954653714,-0.010820818458619458,,,full,no_motion
classification,success,random_forest,qb_location,S,16342,0.5490057699222165,0.8154728639203545,0.29631130522357624,0.22146790010532,,,16342,0.5677844263101378,0.7776302401516837,0.2827683888676491,0.19661598826362783,,,-0.01877865638792131,-0.03784262376867076,-0.013542916355927137,-0.024851911841692165,,,full,no_motion
classification,success,random_forest,qb_location,U,2883,0.5121829614678652,0.8677065536193055,0.32011629393714575,0.257882822806312,,,2883,0.5016401158476194,0.8042935820439252,0.2981793506261007,0.21235706060311882,,,0.010542845620245878,-0.06341297157538028,-0.021936943311045065,-0.045525762203193154,,,full,no_motion
classification,success,random_forest,score_state,leading_big,2264,0.5520645597259493,0.8495880951437327,0.3123214749550311,0.2532827443513501,,,2264,0.5619250735319967,0.8095337321904658,0.29896939429386465,0.22924651144770072,,,-0.009860513806047466,-0.04005436295326692,-0.013352080661166443,-0.024036232903649396,,,full,no_motion
classification,success,random_forest,score_state,one_score,12762,0.550177372095857,0.8135239269209038,0.29701798330087514,0.21999749479504896,,,12762,0.5672829538423071,0.7737139855938134,0.28232122023102535,0.1929130983016989,,,-0.01710558174645005,-0.03980994132709037,-0.014696763069849794,-0.027084396493350066,,,full,no_motion
classification,success,random_forest,score_state,trailing_big,5090,0.5299173511312909,0.8329735480067855,0.30128919929566383,0.23071755251437753,,,5090,0.5407273137991322,0.7929383750211092,0.2880127497410111,0.20405338783754734,,,-0.010809962667841289,-0.04003517298567627,-0.013276449554652736,-0.026664164676830193,,,full,no_motion
classification,success,random_forest,starting_hash,0,227,0.5865548827821768,0.8158803540125105,0.30329782055459037,0.23928334193908904,,,227,0.5250737463126844,0.8270408761605467,0.306623379028672,0.2502190807144651,,,0.06148113646949238,0.0111605221480362,0.0033255584740816135,0.010935738775376042,,,full,no_motion
classification,success,random_forest,starting_hash,L,9159,0.543185627347204,0.8259945763319585,0.3013354816084029,0.22832899930308093,,,9159,0.561652410535129,0.7841581263477598,0.28652349508577724,0.2020955892370259,,,-0.01846678318792505,-0.041836449984198665,-0.014811986522625664,-0.026233410066055035,,,full,no_motion
classification,success,random_forest,starting_hash,M,2114,0.5279894941672926,0.8206056797315802,0.29818297895292406,0.21945479826325684,,,2114,0.5366732554072411,0.7835911119967491,0.28526507060072587,0.19351049249933258,,,-0.008683761239948518,-0.03701456773483103,-0.012917908352198193,-0.025944305763924258,,,full,no_motion
classification,success,random_forest,starting_hash,R,8616,0.5523396010317729,0.8194342606994791,0.2985216165012944,0.22623910386005652,,,8616,0.5653025405582066,0.7795525085673404,0.28422846560716397,0.19785665230367144,,,-0.012962939526433681,-0.03988175213213874,-0.014293150894130413,-0.02838245155638508,,,full,no_motion
regression,epa,random_forest,box_bucket,light_box,5752,,,,,1.7857222196474027,1.2090206734845919,5752,,,,,1.7534994561821995,1.1761016968501714,,,,,-0.03222276346520325,-0.03291897663442045,full,no_motion
regression,epa,random_forest,box_bucket,loaded_box,509,,,,,2.017520453483624,1.4717160739416384,509,,,,,1.9079775239078598,1.3576548646726885,,,,,-0.10954292957576439,-0.11406120926894991,full,no_motion
regression,epa,random_forest,box_bucket,standard_box,13855,,,,,1.754800553146766,1.2220930937064114,13855,,,,,1.6907880980242447,1.1695339798251891,,,,,-0.0640124551225214,-0.05255911388122225,full,no_motion
regression,epa,random_forest,distance_bucket,long,13759,,,,,1.620375365872919,1.0851675494260542,13759,,,,,1.5661146042705438,1.0315949688345023,,,,,-0.05426076160237514,-0.0535725805915519,full,no_motion
regression,epa,random_forest,distance_bucket,medium,4319,,,,,2.0106300676496844,1.463139793204378,4319,,,,,1.9523169570883407,1.4301035679196286,,,,,-0.058313110561343695,-0.033036225284749365,full,no_motion
regression,epa,random_forest,distance_bucket,short,2038,,,,,2.1581130564637423,1.6611232234637945,2038,,,,,2.0942233130041,1.6141040681255083,,,,,-0.06388974345964238,-0.047019155338286156,full,no_motion
regression,epa,random_forest,down_bucket,early_down,14162,,,,,1.5192198698891983,1.0484937755604076,14162,,,,,1.4539658749739752,0.9861151570076243,,,,,-0.0652539949152231,-0.06237861855278326,full,no_motion
regression,epa,random_forest,down_bucket,late_down,5954,,,,,2.2592908370036753,1.6437220959582648,5954,,,,,2.2148781287160766,1.6282354254848177,,,,,-0.04441270828759869,-0.015486670473447095,full,no_motion
regression,epa,random_forest,field_zone,backed_up,11014,,,,,1.6899819641152263,1.1672801859193178,11014,,,,,1.6301008142694553,1.1153701786270211,,,,,-0.059881149845770976,-0.05191000729229667,full,no_motion
regression,epa,random_forest,field_zone,red_zone,2754,,,,,1.9443127931454898,1.3493793200633764,2754,,,,,1.9072188276496254,1.3148744536610328,,,,,-0.03709396549586441,-0.034504866402343515,full,no_motion
regression,epa,random_forest,field_zone,scoring_range,6348,,,,,1.8279136475946356,1.2701442334045518,6348,,,,,1.7688942290688912,1.2214910497949092,,,,,-0.05901941852574444,-0.04865318360964266,full,no_motion
regression,epa,random_forest,pressure_bucket,standard_rush,20115,,,,,1.7706666023653923,1.2245592547415378,20115,,,,,1.7146439167498573,1.1760815350244975,,,,,-0.05602268561553503,-0.04847771971704029,full,no_motion
regression,epa,random_forest,qb_location,0,225,,,,,1.884976273652188,1.3559688615215324,225,,,,,1.9162841742907482,1.3321058891165967,,,,,0.03130790063856015,-0.023862972404935734,full,no_motion
regression,epa,random_forest,qb_location,P,666,,,,,1.6893825040696688,1.1776620018968487,666,,,,,1.623999805872458,1.111646977533425,,,,,-0.06538269819721076,-0.06601502436342366,full,no_motion
regression,epa,random_forest,qb_location,S,16342,,,,,1.7892083119089985,1.2294094528635555,16342,,,,,1.7352612107969763,1.185577608869721,,,,,-0.05394710111202228,-0.04383184399383455,full,no_motion
regression,epa,random_forest,qb_location,U,2883,,,,,1.6722990159138078,1.1984270007007043,2883,,,,,1.5974007201184532,1.1255936804166156,,,,,-0.07489829579535456,-0.07283332028408873,full,no_motion
regression,epa,random_forest,score_state,leading_big,2264,,,,,1.817511295584046,1.3006249932042366,2264,,,,,1.7467968495108392,1.230482730794014,,,,,-0.07071444607320676,-0.07014226241022259,full,no_motion
regression,epa,random_forest,score_state,one_score,12762,,,,,1.7532500662005994,1.2027284992774312,12762,,,,,1.697153251566633,1.157105901706501,,,,,-0.05609681463396643,-0.04562259757093012,full,no_motion
regression,epa,random_forest,score_state,trailing_big,5090,,,,,1.7933607312527964,1.2459045415381202,5090,,,,,1.743934336269138,1.199818891312881,,,,,-0.04942639498365842,-0.04608565022523914,full,no_motion
regression,epa,random_forest,starting_hash,0,227,,,,,1.8811642112699158,1.3541331230850422,227,,,,,1.9172999922237002,1.3344554316485313,,,,,0.036135780953784336,-0.01967769143651088,full,no_motion
regression,epa,random_forest,starting_hash,L,9159,,,,,1.786356842361288,1.2348761895542806,9159,,,,,1.7344509673958335,1.1868574177455504,,,,,-0.051905874965454624,-0.048018771808730154,full,no_motion
regression,epa,random_forest,starting_hash,M,2114,,,,,1.8012222926108326,1.248881938536701,2114,,,,,1.7372767296763052,1.197385154477223,,,,,-0.06394556293452736,-0.051496784059477996,full,no_motion
regression,epa,random_forest,starting_hash,R,8616,,,,,1.7434347595929498,1.2044724410036507,8616,,,,,1.6821183120090784,1.15543824143431,,,,,-0.06131644758387145,-0.04903419956934063,full,no_motion
regression,epa,ridge_regression,box_bucket,light_box,5752,,,,,1.748559602974394,1.2250442646099353,5752,,,,,1.7233500924686327,1.197913480491138,,,,,-0.025209510505761257,-0.027130784118797324,full,no_motion
regression,epa,ridge_regression,box_bucket,loaded_box,509,,,,,1.9800059237640826,1.4556998040233797,509,,,,,1.9187993186506043,1.38944087668895,,,,,-0.06120660511347831,-0.06625892733442962,full,no_motion
regression,epa,ridge_regression,box_bucket,standard_box,13855,,,,,1.718587930449451,1.2361282863181817,13855,,,,,1.6687737059721246,1.1862526134420532,,,,,-0.04981422447732631,-0.049875672876128485,full,no_motion
regression,epa,ridge_regression,distance_bucket,long,13759,,,,,1.62137512368173,1.115146398291137,13759,,,,,1.5755424987398372,1.0606704543822512,,,,,-0.045832624941892774,-0.05447594390888577,full,no_motion
regression,epa,ridge_regression,distance_bucket,medium,4319,,,,,1.9164502924422242,1.446909688088118,4319,,,,,1.8772627374980628,1.430943505312742,,,,,-0.039187554944161374,-0.015966182775376092,full,no_motion
regression,epa,ridge_regression,distance_bucket,short,2038,,,,,2.0386568773792426,1.6297649559775866,2038,,,,,2.001654535502422,1.5991874013583045,,,,,-0.03700234187682083,-0.030577554619282132,full,no_motion
regression,epa,ridge_regression,down_bucket,early_down,14162,,,,,1.5290190302649465,1.072174721875673,14162,,,,,1.4788004737502798,1.0099924425140159,,,,,-0.05021855651466667,-0.0621822793616571,full,no_motion
regression,epa,ridge_regression,down_bucket,late_down,5954,,,,,2.1449818674983248,1.634166074239062,5954,,,,,2.112489925046512,1.6341351586120023,,,,,-0.03249194245181286,-3.091562705970219e-05,full,no_motion
regression,epa,ridge_regression,field_zone,backed_up,11014,,,,,1.6522295211125275,1.1794939290261106,11014,,,,,1.6061662132656402,1.1341862912381213,,,,,-0.04606330784688728,-0.0453076377879893,full,no_motion
regression,epa,ridge_regression,field_zone,red_zone,2754,,,,,1.9166349858861476,1.3607000285419566,2754,,,,,1.8841499130656902,1.3296839238048888,,,,,-0.03248507282045732,-0.03101610473706784,full,no_motion
regression,epa,ridge_regression,field_zone,scoring_range,6348,,,,,1.789130574821601,1.2879094524770838,6348,,,,,1.7459215328776199,1.2412218600195375,,,,,-0.04320904194398123,-0.04668759245754628,full,no_motion
regression,epa,ridge_regression,pressure_bucket,standard_rush,20115,,,,,1.7342202305295116,1.238443812647137,20115,,,,,1.6912181244164104,1.1946534884497708,,,,,-0.04300210611310118,-0.04379032419736628,full,no_motion
regression,epa,ridge_regression,qb_location,0,225,,,,,1.775439006579103,1.2636874041206594,225,,,,,1.834035310813834,1.3011677587660613,,,,,0.058596304234731056,0.03748035464540189,full,no_motion
regression,epa,ridge_regression,qb_location,P,666,,,,,1.6994382831020909,1.201432759955118,666,,,,,1.6519571874246899,1.1428929506459076,,,,,-0.047481095677401,-0.05853980930921043,full,no_motion
regression,epa,ridge_regression,qb_location,S,16342,,,,,1.7481088283319781,1.247083673388669,16342,,,,,1.7054165544720368,1.206070282000503,,,,,-0.04269227385994134,-0.041013391388166065,full,no_motion
regression,epa,ridge_regression,qb_location,U,2883,,,,,1.6586412131424924,1.1965445517335314,2883,,,,,1.6060550091143853,1.134104650001595,,,,,-0.0525862040281071,-0.062439901731936365,full,no_motion
regression,epa,ridge_regression,score_state,leading_big,2264,,,,,1.7574847189948535,1.2736086392725545,2264,,,,,1.711141065233247,1.2322531571612259,,,,,-0.04634365376160643,-0.04135548211132867,full,no_motion
regression,epa,ridge_regression,score_state,one_score,12762,,,,,1.7268576743079405,1.2314766400284591,12762,,,,,1.6818698603938296,1.1859327949912275,,,,,-0.044987813914110886,-0.045543845037231634,full,no_motion
regression,epa,ridge_regression,score_state,trailing_big,5090,,,,,1.7424364028594903,1.240551744178074,5090,,,,,1.7058715989079174,1.2000900251018258,,,,,-0.03656480395157291,-0.04046171907624818,full,no_motion
regression,epa,ridge_regression,starting_hash,0,227,,,,,1.7757692053432441,1.266272125515603,227,,,,,1.83628950278389,1.299602878238174,,,,,0.0605202974406458,0.03333075272257102,full,no_motion
regression,epa,ridge_regression,starting_hash,L,9159,,,,,1.7541307293109634,1.251212677478008,9159,,,,,1.7075282642985412,1.2029946776377256,,,,,-0.046602465012422156,-0.0482179998402823,full,no_motion
regression,epa,ridge_regression,starting_hash,M,2114,,,,,1.7402360478946979,1.2348304564236667,2114,,,,,1.701767704396206,1.2020010817653364,,,,,-0.03846834349849182,-0.03282937465833036,full,no_motion
regression,epa,ridge_regression,starting_hash,R,8616,,,,,1.7103195532175792,1.2251892928075567,8616,,,,,1.6671951175934807,1.1813933742529523,,,,,-0.04312443562409851,-0.04379591855460441,full,no_motion
