group_column,group_value,n_obs,auroc,log_loss,brier_score,expected_calibration_error,predicted_positive_rate,model_name,feature_set,task,target,rmse,mae
down_bucket,early_down,14162,0.5403334954342982,0.7963309306787008,0.2929838565467686,0.2054378539741572,0.02160711763875159,logistic_regression,full,classification,success,,
down_bucket,late_down,5954,0.593981080585791,0.7407655156605989,0.26501649703333,0.17278440945562049,0.008061807188444743,logistic_regression,full,classification,success,,
distance_bucket,long,13759,0.5572542110231516,0.7791261833125274,0.28305521741394346,0.19284307955448635,0.011338033287302856,logistic_regression,full,classification,success,,
distance_bucket,medium,4319,0.5630049299228248,0.7759956699066425,0.2849567275676618,0.1952697631998622,0.026394998842324612,logistic_regression,full,classification,success,,
distance_bucket,short,2038,0.5494419859477504,0.7932453709475543,0.29531931157438823,0.21624653327368346,0.04121687929342493,logistic_regression,full,classification,success,,
field_zone,backed_up,11014,0.5759212410267491,0.7772818237762735,0.2841096285001593,0.19747026222518616,0.016978391138550934,logistic_regression,full,classification,success,,
field_zone,red_zone,2754,0.5562170842788797,0.7677143957334905,0.27668149165967293,0.18915564093700818,0.010893246187363835,logistic_regression,full,classification,success,,
field_zone,scoring_range,6348,0.5429505483590058,0.7896800673587048,0.2892220106207135,0.1981592026379922,0.02158160050409578,logistic_regression,full,classification,success,,
pressure_bucket,standard_rush,20115,0.5645758234884587,0.7798600069561578,0.28469437710000617,0.19562740897459874,0.017598806860551826,logistic_regression,full,classification,success,,
score_state,leading_big,2264,0.560496228677674,0.8091670844570965,0.297177025249702,0.22095351236353117,0.02120141342756184,logistic_regression,full,classification,success,,
score_state,one_score,12762,0.5659547896499282,0.7782284350912531,0.28419777843964455,0.1940440852409915,0.016768531578122553,logistic_regression,full,classification,success,,
score_state,trailing_big,5090,0.5620823910603059,0.77101197498419,0.2804331564125177,0.18990218791101351,0.01807465618860511,logistic_regression,full,classification,success,,
qb_location,0,225,0.5885745891276866,0.7822336042164567,0.2873553995037955,0.21177416875257418,0.0044444444444444444,logistic_regression,full,classification,success,,
qb_location,P,666,0.5322756667538535,0.812879515025693,0.300625964992327,0.22759937173015193,0.028528528528528527,logistic_regression,full,classification,success,,
qb_location,S,16342,0.563549431936021,0.7745622230124611,0.2819119964222193,0.19025972308378156,0.017011381715824257,logistic_regression,full,classification,success,,
qb_location,U,2883,0.5641921515066639,0.8022477815086759,0.2966589998774306,0.22048210909468743,0.019424210891432536,logistic_regression,full,classification,success,,
starting_hash,0,227,0.5780934637478652,0.7825603876359652,0.28725977993482205,0.20442183453835122,0.00881057268722467,logistic_regression,full,classification,success,,
starting_hash,L,9159,0.5609121403353063,0.783183814202281,0.2863793311513529,0.19800521958417802,0.0185609782727372,logistic_regression,full,classification,success,,
starting_hash,M,2114,0.5519096050099734,0.7728078704615565,0.28144595173738896,0.18534748275168364,0.01466414380321665,logistic_regression,full,classification,success,,
starting_hash,R,8616,0.5704949187260692,0.7780430501493942,0.283659771787198,0.19559616226483603,0.017525533890436398,logistic_regression,full,classification,success,,
box_bucket,light_box,5752,0.5710335020522534,0.7559925347456238,0.2732368343674802,0.1777787174105816,0.014777468706536857,logistic_regression,full,classification,success,,
box_bucket,loaded_box,509,0.5705019305019305,0.8330025630715445,0.3080789629006354,0.24921716603497288,0.021611001964636542,logistic_regression,full,classification,success,,
box_bucket,standard_box,13855,0.5605578023745478,0.7878519780624124,0.2886088153268577,0.20145569549856723,0.018621436304583183,logistic_regression,full,classification,success,,
down_bucket,early_down,14162,0.5209034734300111,0.848592523240704,0.31156396101837036,0.24182847272175623,0.011297839288236125,random_forest,full,classification,success,,
down_bucket,late_down,5954,0.5862163572077207,0.7604514356717622,0.2718899110945126,0.19046056591174912,0.004366812227074236,random_forest,full,classification,success,,
distance_bucket,long,13759,0.5405855915586315,0.8177560519074037,0.29625405943058364,0.22085174909992622,0.00864888436659641,random_forest,full,classification,success,,
distance_bucket,medium,4319,0.5312718856739712,0.8287380980043894,0.3040967146476417,0.23090676128970852,0.009261403102570039,random_forest,full,classification,success,,
distance_bucket,short,2038,0.5339922751445985,0.841349263321686,0.3148420178264589,0.2556661403724403,0.01324828263002944,random_forest,full,classification,success,,
field_zone,backed_up,11014,0.5544081766307862,0.8347249057859186,0.30432110583612515,0.2380791652962581,0.008897766479026693,random_forest,full,classification,success,,
field_zone,red_zone,2754,0.5491538725445828,0.7630494279050959,0.27521655002336226,0.17817294826545474,0.008714596949891068,random_forest,full,classification,success,,
field_zone,scoring_range,6348,0.5352376238954775,0.8270946637283836,0.302687824221088,0.22786862876349015,0.010081915563957152,random_forest,full,classification,success,,
pressure_bucket,standard_rush,20115,0.5460161531343778,0.8224755934614827,0.2998078176009839,0.22641131127134215,0.009246830723340791,random_forest,full,classification,success,,
score_state,leading_big,2264,0.5520645597259493,0.8495880951437327,0.3123214749550311,0.2532827443513501,0.007950530035335688,random_forest,full,classification,success,,
score_state,one_score,12762,0.550177372095857,0.8135239269209038,0.29701798330087514,0.21999749479504896,0.008697696285848613,random_forest,full,classification,success,,
score_state,trailing_big,5090,0.5299173511312909,0.8329735480067855,0.30128919929566383,0.23071755251437753,0.011198428290766208,random_forest,full,classification,success,,
qb_location,0,225,0.5852560050568899,0.8151149348910623,0.3030143708815869,0.23848856114729483,0.0,random_forest,full,classification,success,,
qb_location,P,666,0.5347830400548375,0.8018600082629763,0.2970097413904766,0.21742190451928872,0.01951951951951952,random_forest,full,classification,success,,
qb_location,S,16342,0.5490057699222165,0.8154728639203545,0.29631130522357624,0.22146790010532,0.007649002570064864,random_forest,full,classification,success,,
qb_location,U,2883,0.5121829614678652,0.8677065536193055,0.32011629393714575,0.257882822806312,0.01664932362122789,random_forest,full,classification,success,,
starting_hash,0,227,0.5865548827821768,0.8158803540125105,0.30329782055459037,0.23928334193908904,0.0,random_forest,full,classification,success,,
starting_hash,L,9159,0.543185627347204,0.8259945763319585,0.3013354816084029,0.22832899930308093,0.00982640026203734,random_forest,full,classification,success,,
starting_hash,M,2114,0.5279894941672926,0.8206056797315802,0.29818297895292406,0.21945479826325684,0.00804162724692526,random_forest,full,classification,success,,
starting_hash,R,8616,0.5523396010317729,0.8194342606994791,0.2985216165012944,0.22623910386005652,0.009168987929433612,random_forest,full,classification,success,,
box_bucket,light_box,5752,0.5555521844660194,0.7932163748934504,0.28677425799348466,0.20827332251621336,0.004520166898470098,random_forest,full,classification,success,,
box_bucket,loaded_box,509,0.533003861003861,0.8650339332094259,0.31972183103205576,0.2622059873678094,0.007858546168958742,random_forest,full,classification,success,,
box_bucket,standard_box,13855,0.5405968082516301,0.8331008518032333,0.3045064888217285,0.232753489172568,0.011259473114399133,random_forest,full,classification,success,,
down_bucket,early_down,14162,0.5516114716343821,0.7477400635025946,0.27405389859770873,0.16156163818907315,0.013910464623640728,logistic_regression,no_motion,classification,success,,
down_bucket,late_down,5954,0.6033384446314098,0.7023688329863211,0.25116034578503177,0.13303903184232035,0.006886126973463218,logistic_regression,no_motion,classification,success,,
distance_bucket,long,13759,0.5713707316201101,0.7329720632940907,0.2660589947333012,0.15301868813372183,0.005741696344211062,logistic_regression,no_motion,classification,success,,
distance_bucket,medium,4319,0.5659142726858185,0.7337584935425622,0.2679837595232867,0.14835505697425141,0.009956008335262792,logistic_regression,no_motion,classification,success,,
distance_bucket,short,2038,0.5541749155700477,0.7445207352554363,0.274010031809747,0.16529719918912772,0.05691854759568204,logistic_regression,no_motion,classification,success,,
field_zone,backed_up,11014,0.591491035503975,0.7299680504153174,0.2657235082581645,0.1537356367822979,0.011167604866533502,logistic_regression,no_motion,classification,success,,
field_zone,red_zone,2754,0.5614597521046821,0.7280578580881607,0.26258190924968783,0.15007954297938605,0.006535947712418301,logistic_regression,no_motion,classification,success,,
field_zone,scoring_range,6348,0.5477693959561791,0.7445588157648392,0.27201176948893613,0.15386219281325955,0.015280403276622558,logistic_regression,no_motion,classification,success,,
pressure_bucket,standard_rush,20115,0.5759949599722555,0.7342957917402975,0.26727031893155584,0.15280157648576106,0.011831966194382301,logistic_regression,no_motion,classification,success,,
score_state,leading_big,2264,0.5681201198386007,0.7607033283707513,0.279138655080367,0.1806149891322745,0.012367491166077738,logistic_regression,no_motion,classification,success,,
score_state,one_score,12762,0.5813887237121755,0.7316500182790178,0.26621345673010677,0.15114778024797998,0.010813352139163141,logistic_regression,no_motion,classification,success,,
score_state,trailing_big,5090,0.5654145020981349,0.729243407115146,0.2646707192246084,0.14492780539131397,0.014145383104125737,logistic_regression,no_motion,classification,success,,
qb_location,0,225,0.5914190897597976,0.759951062915618,0.2784320375706983,0.18521539577428187,0.008888888888888889,logistic_regression,no_motion,classification,success,,
qb_location,P,666,0.5327446718317355,0.7623534027703409,0.280957130568368,0.17629350797798207,0.025525525525525526,logistic_regression,no_motion,classification,success,,
qb_location,S,16342,0.5772300557354934,0.7293871682250902,0.2647817179746432,0.1477875137591467,0.01113694774201444,logistic_regression,no_motion,classification,success,,
qb_location,U,2883,0.5627878504376048,0.7537417108528663,0.2773959480372076,0.17416120806849597,0.012833853624696497,logistic_regression,no_motion,classification,success,,
starting_hash,0,227,0.5910572892408011,0.7600599455513289,0.2784477850750275,0.18474402286520408,0.00881057268722467,logistic_regression,no_motion,classification,success,,
starting_hash,L,9159,0.5740174708949577,0.7364140225714164,0.2684374770469853,0.15503556357632803,0.012665138115514795,logistic_regression,no_motion,classification,success,,
starting_hash,M,2114,0.5704620162269202,0.7351734049790208,0.2671683559540185,0.15190354186762864,0.008987701040681173,logistic_regression,no_motion,classification,success,,
starting_hash,R,8616,0.5784619425757032,0.7311853055277268,0.26577757738772817,0.15029230020499906,0.011722376973073352,logistic_regression,no_motion,classification,success,,
box_bucket,light_box,5752,0.5782260093535401,0.7230407743276173,0.26112873657798186,0.14169485599546455,0.01060500695410292,logistic_regression,no_motion,classification,success,,
box_bucket,loaded_box,509,0.5553976833976834,0.7654531370190625,0.28216084566882654,0.18593787984928176,0.005893909626719057,logistic_regression,no_motion,classification,success,,
box_bucket,standard_box,13855,0.5732440669057479,0.7378457329663761,0.2692838431976071,0.1563047247213132,0.012558643089137496,logistic_regression,no_motion,classification,success,,
down_bucket,early_down,14162,0.5307401001083993,0.7957572695621012,0.292845646381895,0.20658293045618986,0.005790142635221014,random_forest,no_motion,classification,success,,
down_bucket,late_down,5954,0.5933975846335526,0.7513376102026254,0.2684842078251602,0.18332261704293515,0.0047027208599261005,random_forest,no_motion,classification,success,,
distance_bucket,long,13759,0.5591396148430986,0.7734782132127824,0.2808687073080993,0.1916596759654024,0.0047241805363761906,random_forest,no_motion,classification,success,,
distance_bucket,medium,4319,0.5381146271584545,0.8007696922287375,0.2939684125695453,0.21079609571523117,0.006714517249363279,random_forest,no_motion,classification,success,,
distance_bucket,short,2038,0.549248864562711,0.8057740659245923,0.30015353273375683,0.23164198436145483,0.007850834151128557,random_forest,no_motion,classification,success,,
field_zone,backed_up,11014,0.5708354266008704,0.7896275107733042,0.28837045217194457,0.20884988782956265,0.005810786272017432,random_forest,no_motion,classification,success,,
field_zone,red_zone,2754,0.5522535125007249,0.7403772206607409,0.26683610658159795,0.15812433185028985,0.002904865649963689,random_forest,no_motion,classification,success,,
field_zone,scoring_range,6348,0.5458279954611698,0.7887558779659823,0.2890447731102525,0.2012140100794239,0.0059861373660995585,random_forest,no_motion,classification,success,,
pressure_bucket,standard_rush,20115,0.5603033846883547,0.7825905415885607,0.2856256272819975,0.19939614382875734,0.005468555804126274,random_forest,no_motion,classification,success,,
score_state,leading_big,2264,0.5619250735319967,0.8095337321904658,0.29896939429386465,0.22924651144770072,0.0066254416961130744,random_forest,no_motion,classification,success,,
score_state,one_score,12762,0.5672829538423071,0.7737139855938134,0.28232122023102535,0.1929130983016989,0.004466384579219558,random_forest,no_motion,classification,success,,
score_state,trailing_big,5090,0.5407273137991322,0.7929383750211092,0.2880127497410111,0.20405338783754734,0.007465618860510805,random_forest,no_motion,classification,success,,
qb_location,0,225,0.5301833122629582,0.8258630392947293,0.30615518003979736,0.25056914316469164,0.0,random_forest,no_motion,classification,success,,
qb_location,P,666,0.5043608452914596,0.7963177436218375,0.2947417765950112,0.20660108606066926,0.010510510510510511,random_forest,no_motion,classification,success,,
qb_location,S,16342,0.5677844263101378,0.7776302401516837,0.2827683888676491,0.19661598826362783,0.00507893770652307,random_forest,no_motion,classification,success,,
qb_location,U,2883,0.5016401158476194,0.8042935820439252,0.2981793506261007,0.21235706060311882,0.00693721817551162,random_forest,no_motion,classification,success,,
starting_hash,0,227,0.5250737463126844,0.8270408761605467,0.306623379028672,0.2502190807144651,0.0,random_forest,no_motion,classification,success,,
starting_hash,L,9159,0.561652410535129,0.7841581263477598,0.28652349508577724,0.2020955892370259,0.0052407468064199145,random_forest,no_motion,classification,success,,
starting_hash,M,2114,0.5366732554072411,0.7835911119967491,0.28526507060072587,0.19351049249933258,0.004730368968779565,random_forest,no_motion,classification,success,,
starting_hash,R,8616,0.5653025405582066,0.7795525085673404,0.28422846560716397,0.19785665230367144,0.0060352831940575676,random_forest,no_motion,classification,success,,
box_bucket,light_box,5752,0.5689037956823743,0.7730618139697347,0.2792684585228966,0.19318679572905667,0.004867872044506259,random_forest,no_motion,classification,success,,
box_bucket,loaded_box,509,0.5406795366795367,0.8123351250240064,0.30093480676426476,0.22811916240284588,0.005893909626719057,random_forest,no_motion,classification,success,,
box_bucket,standard_box,13855,0.5529015481433199,0.785481663666097,0.28771613333704005,0.20119693275589612,0.005701912666907253,random_forest,no_motion,classification,success,,
down_bucket,early_down,14162,0.5407363373737119,0.796798635045556,0.2931659915363852,0.20538183419816428,0.02160711763875159,logistic_regression,no_tracking_response,classification,success,,
down_bucket,late_down,5954,0.5925315328449203,0.7424797376454739,0.2656592652548168,0.1737305290306879,0.007557944239166946,logistic_regression,no_tracking_response,classification,success,,
distance_bucket,long,13759,0.5575251590458463,0.7790752111585294,0.2830385970901188,0.19242796910145357,0.01141071298786249,logistic_regression,no_tracking_response,classification,success,,
distance_bucket,medium,4319,0.562419017628991,0.7786995009884947,0.285963017884717,0.19764227611489557,0.02616346376476036,logistic_regression,no_tracking_response,classification,success,,
distance_bucket,short,2038,0.549782617134428,0.7961175919316991,0.2964424464467267,0.21838985468733504,0.03974484789008832,logistic_regression,no_tracking_response,classification,success,,
field_zone,backed_up,11014,0.5759284772181956,0.7766744894491349,0.28391424603940074,0.19663931642830157,0.01679680406755039,logistic_regression,no_tracking_response,classification,success,,
field_zone,red_zone,2754,0.5560620751815801,0.7731765976743795,0.2785219137826183,0.19516419351826103,0.010893246187363835,logistic_regression,no_tracking_response,classification,success,,
field_zone,scoring_range,6348,0.5423646230146975,0.7910153513970235,0.28977176764810586,0.1987691423372853,0.02142407057340895,logistic_regression,no_tracking_response,classification,success,,
pressure_bucket,standard_rush,20115,0.5645447256059466,0.7806900209512447,0.2850102848464671,0.19590513019500047,0.0174496644295302,logistic_regression,no_tracking_response,classification,success,,
score_state,leading_big,2264,0.560371234048537,0.811496323715175,0.2980385330091479,0.22270540617861187,0.021643109540636044,logistic_regression,no_tracking_response,classification,success,,
score_state,one_score,12762,0.5661920951766026,0.7792875027599172,0.28460478511035364,0.1947678106806218,0.016846889202319387,logistic_regression,no_tracking_response,classification,success,,
score_state,trailing_big,5090,0.5616201193177338,0.7706270806175043,0.28028812006963116,0.18885365049413064,0.017092337917485264,logistic_regression,no_tracking_response,classification,success,,
qb_location,0,225,0.588811630847029,0.779673540079325,0.28635285195083193,0.20476117105740088,0.013333333333333334,logistic_regression,no_tracking_response,classification,success,,
qb_location,P,666,0.5354414510295563,0.8040403435244365,0.2972583256562244,0.2163186301300488,0.036036036036036036,logistic_regression,no_tracking_response,classification,success,,
qb_location,S,16342,0.5636524489551654,0.7747706669853729,0.281985993805369,0.19000945906594255,0.017011381715824257,logistic_regression,no_tracking_response,classification,success,,
qb_location,U,2883,0.564106488178942,0.8091456719653944,0.2993178945966508,0.22692646315787277,0.015955601803676726,logistic_regression,no_tracking_response,classification,success,,
starting_hash,0,227,0.5846141903431145,0.7791984876813969,0.2859663313585426,0.20263602748299053,0.013215859030837005,logistic_regression,no_tracking_response,classification,success,,
starting_hash,L,9159,0.5602877547878836,0.7848031289025222,0.2869979704197031,0.19917670922671057,0.018124249372202205,logistic_regression,no_tracking_response,classification,success,,
starting_hash,M,2114,0.551055509009583,0.7735681556006524,0.281718094949335,0.1861273915515224,0.01466414380321665,logistic_regression,no_tracking_response,classification,success,,
starting_hash,R,8616,0.5712572496804701,0.7781770696604758,0.28371300098074775,0.19535692736209728,0.017525533890436398,logistic_regression,no_tracking_response,classification,success,,
box_bucket,light_box,5752,0.57138598646302,0.7555786758188531,0.27310923786386887,0.17593628467693526,0.014777468706536857,logistic_regression,no_tracking_response,classification,success,,
box_bucket,loaded_box,509,0.5656833976833977,0.8368664241614583,0.309486118718243,0.2500902752225774,0.019646365422396856,logistic_regression,no_tracking_response,classification,success,,
box_bucket,standard_box,13855,0.5607574901651357,0.7890965769937273,0.2890724840739738,0.20252622745132653,0.018477084085167808,logistic_regression,no_tracking_response,classification,success,,
down_bucket,early_down,14162,0.5208323778006164,0.8472853270921107,0.3110857626727835,0.24119280497469286,0.012780680694817116,random_forest,no_tracking_response,classification,success,,
down_bucket,late_down,5954,0.5859142461186629,0.761747948980337,0.27202049752407953,0.1911550379365441,0.0047027208599261005,random_forest,no_tracking_response,classification,success,,
distance_bucket,long,13759,0.5406912269902643,0.8179628245253027,0.29621920200709795,0.22046518715537727,0.009739079874990914,random_forest,no_tracking_response,classification,success,,
distance_bucket,medium,4319,0.5337372772715931,0.8273558584147128,0.3035027531222099,0.23219587717373857,0.010650613567955545,random_forest,no_tracking_response,classification,success,,
distance_bucket,short,2038,0.5365261441714219,0.837586670937495,0.3133946133855953,0.25417477560579765,0.01422963689892051,random_forest,no_tracking_response,classification,success,,
field_zone,backed_up,11014,0.5548154613511862,0.8340279956084511,0.3039687117481312,0.23724932272699512,0.009079353550027237,random_forest,no_tracking_response,classification,success,,
field_zone,red_zone,2754,0.5443800259396343,0.763583045598439,0.27532289788090003,0.17877419326391297,0.013071895424836602,random_forest,no_tracking_response,classification,success,,
field_zone,scoring_range,6348,0.5381933404267079,0.8263720918868649,0.30230875256339196,0.22788672581531738,0.011499684940138626,random_forest,no_tracking_response,classification,success,,
pressure_bucket,standard_rush,20115,0.5464876997966759,0.8219391112915023,0.2995098266223314,0.22622348427553143,0.01039025602783992,random_forest,no_tracking_response,classification,success,,
score_state,leading_big,2264,0.5541425954353524,0.848881007619189,0.31192127293890126,0.2529015122852183,0.009275618374558304,random_forest,no_tracking_response,classification,success,,
score_state,one_score,12762,0.5499002560140149,0.8134495502664448,0.2968381063052002,0.22060681167827334,0.009873060648801129,random_forest,no_tracking_response,classification,success,,
score_state,trailing_big,5090,0.5325594179537272,0.8313540920937493,0.3007404594557349,0.22928194517524683,0.01218074656188605,random_forest,no_tracking_response,classification,success,,
qb_location,0,225,0.5523862199747156,0.8301740613652135,0.30847549618325665,0.2493142460360798,0.0,random_forest,no_tracking_response,classification,success,,
qb_location,P,666,0.5430627835451372,0.8010913498739896,0.296482578342913,0.21567993571656385,0.021021021021021023,random_forest,no_tracking_response,classification,success,,
qb_location,S,16342,0.5496853218480033,0.815177144974521,0.2961201461656329,0.2213268205120712,0.008689266919593685,random_forest,no_tracking_response,classification,success,,
qb_location,U,2883,0.5125145459218,0.8646414098198153,0.3188160946146172,0.2563425958888475,0.018383628165105793,random_forest,no_tracking_response,classification,success,,
starting_hash,0,227,0.5535631113181183,0.8307437785343441,0.30868682127487757,0.24982754775893962,0.0,random_forest,no_tracking_response,classification,success,,
starting_hash,L,9159,0.5470092450520372,0.8230943441861187,0.3002940459470881,0.22744345060191476,0.010699858063107326,random_forest,no_tracking_response,classification,success,,
starting_hash,M,2114,0.5256856944794669,0.8188627413791897,0.2974649200137366,0.21760508840745374,0.00804162724692526,random_forest,no_tracking_response,classification,success,,
starting_hash,R,8616,0.5503929005397369,0.8213006405645119,0.2989671189719722,0.22708250383694764,0.010909935004642525,random_forest,no_tracking_response,classification,success,,
box_bucket,light_box,5752,0.5547410263240982,0.7952221239996458,0.28730653770857856,0.21000332430183472,0.00521557719054242,random_forest,no_tracking_response,classification,success,,
box_bucket,loaded_box,509,0.5387027027027027,0.8601813945064992,0.3175735253270239,0.260980274833237,0.0137524557956778,random_forest,no_tracking_response,classification,success,,
box_bucket,standard_box,13855,0.5409862852449893,0.831667419953636,0.3039317563290602,0.23193610465946232,0.012414290869722122,random_forest,no_tracking_response,classification,success,,
down_bucket,early_down,14162,0.6068851872037,0.3778397949491419,0.11094165907275053,0.16904329853505018,0.018358988843383703,logistic_regression,full,classification,explosive,,
down_bucket,late_down,5954,0.5893716933108358,0.3756021984316273,0.11115350598195325,0.16887227685838418,0.017803157541148806,logistic_regression,full,classification,explosive,,
distance_bucket,long,13759,0.5852502604761225,0.3900457160635916,0.11451879543917527,0.16907690000254866,0.01729776873319282,logistic_regression,full,classification,explosive,,
distance_bucket,medium,4319,0.6331946887491964,0.3621017331888549,0.10747795859490072,0.17314773450023516,0.023385042833989348,logistic_regression,full,classification,explosive,,
distance_bucket,short,2038,0.6576509264793783,0.322250379082451,0.0947509032315278,0.1603007857460936,0.01324828263002944,logistic_regression,full,classification,explosive,,
field_zone,backed_up,11014,0.5460398526880571,0.4290413258873802,0.12716000240637598,0.18940188370548766,0.019157435990557473,logistic_regression,full,classification,explosive,,
field_zone,red_zone,2754,0.6321545752825374,0.039754279848511424,0.0049866557157328675,0.02143022490444858,0.0,logistic_regression,full,classification,explosive,,
field_zone,scoring_range,6348,0.5221408506269428,0.4335787989138705,0.12896821582543935,0.1977684340479206,0.024417139256458727,logistic_regression,full,classification,explosive,,
pressure_bucket,standard_rush,20115,0.6024412718247719,0.3771747024538899,0.1110037286100557,0.1689835918428897,0.01819537658463833,logistic_regression,full,classification,explosive,,
score_state,leading_big,2264,0.6050060845586184,0.39822886316736983,0.1200049461264107,0.16036539762329258,0.018551236749116608,logistic_regression,full,classification,explosive,,
score_state,one_score,12762,0.6005660750937927,0.37999553605168784,0.11211266248657425,0.17085534713907607,0.018335684062059238,logistic_regression,full,classification,explosive,,
score_state,trailing_big,5090,0.5999501259263941,0.36074842597821044,0.10422215200805263,0.16815982904915058,0.01768172888015717,logistic_regression,full,classification,explosive,,
qb_location,0,225,0.6098673300165838,0.6227987066090365,0.21979105345655506,0.33398329977435903,0.3244444444444444,logistic_regression,full,classification,explosive,,
qb_location,P,666,0.5949090526204953,0.4001241655323666,0.12037590527103934,0.1676638215665118,0.015015015015015015,logistic_regression,full,classification,explosive,,
qb_location,S,16342,0.5862396956758139,0.36096868753679895,0.1038624950540728,0.1647995230263693,0.009913107330804064,logistic_regression,full,classification,explosive,,
qb_location,U,2883,0.6128630606891476,0.44458549100717965,0.1408322984019936,0.18019166748482304,0.0419701699618453,logistic_regression,full,classification,explosive,,
starting_hash,0,227,0.6209900990099011,0.6185379627995301,0.217770860810462,0.3289843228775555,0.32158590308370044,logistic_regression,full,classification,explosive,,
starting_hash,L,9159,0.6115192622985449,0.37250736143743,0.10877809718099965,0.16319134257873286,0.013647778141718529,logistic_regression,full,classification,explosive,,
starting_hash,M,2114,0.5697250472095192,0.39455369640611054,0.11908161066004769,0.17601587668759894,0.019867549668874173,logistic_regression,full,classification,explosive,,
starting_hash,R,8616,0.5999514303700285,0.3715196274800632,0.10857621262589959,0.16925090810518573,0.014623955431754874,logistic_regression,full,classification,explosive,,
box_bucket,light_box,5752,0.5747002838537318,0.38007270802095733,0.11126703257001082,0.17457579693973704,0.022079276773296245,logistic_regression,full,classification,explosive,,
box_bucket,loaded_box,509,0.7007326007326007,0.35988243054715935,0.11586336274204173,0.13344224470665814,0.0412573673870334,logistic_regression,full,classification,explosive,,
box_bucket,standard_box,13855,0.6063944367406917,0.3766109196569185,0.11071680457787375,0.16807102916286,0.015734391916275712,logistic_regression,full,classification,explosive,,
down_bucket,early_down,14162,0.5868919329265458,0.3181734530840631,0.07801295668912381,0.05290405015271156,0.0,random_forest,full,classification,explosive,,
down_bucket,late_down,5954,0.5901106757800212,0.31673371866810823,0.07638404003207278,0.0531815485951653,0.0,random_forest,full,classification,explosive,,
distance_bucket,long,13759,0.5649794342126029,0.33906478041270827,0.08277584952989596,0.05741441741950111,0.0,random_forest,full,classification,explosive,,
distance_bucket,medium,4319,0.6392277716734338,0.2853782505368225,0.06968871540860073,0.04780973849274776,0.0,random_forest,full,classification,explosive,,
distance_bucket,short,2038,0.6385734210001993,0.24242592039226155,0.05873974065296733,0.03518537217721134,0.0,random_forest,full,classification,explosive,,
field_zone,backed_up,11014,0.5347068644947295,0.3714388913032161,0.09045777449457325,0.06420861343070021,0.0,random_forest,full,classification,explosive,,
field_zone,red_zone,2754,0.9391177542836311,0.022590011094242305,0.003935088686119522,0.003605896486251199,0.0,random_forest,full,classification,explosive,,
field_zone,scoring_range,6348,0.5138694471114998,0.35264085761802977,0.08703070328568518,0.058094225482596774,0.0,random_forest,full,classification,explosive,,
pressure_bucket,standard_rush,20115,0.58792846335987,0.31776238027325493,0.07753466832421156,0.05298417153211572,0.0,random_forest,full,classification,explosive,,
score_state,leading_big,2264,0.5902111174375635,0.3682232861695123,0.09124021563527028,0.06877376683374031,0.0,random_forest,full,classification,explosive,,
score_state,one_score,12762,0.5850570604572003,0.31864652157045364,0.07801382822430432,0.05298765664110862,0.0,random_forest,full,classification,explosive,,
score_state,trailing_big,5090,0.590630895747389,0.2930413704040302,0.07022195343526696,0.04683364018651911,0.0,random_forest,full,classification,explosive,,
qb_location,0,225,0.49834162520729686,0.3459525352565086,0.09630707898283125,0.03752472376358583,0.0,random_forest,full,classification,explosive,,
qb_location,P,666,0.5420516465292584,0.3625069288144446,0.08964186328812865,0.06425332361601813,0.0,random_forest,full,classification,explosive,,
qb_location,S,16342,0.5775787144493312,0.2995635788355619,0.07163785356653578,0.04852356624296578,0.0,random_forest,full,classification,explosive,,
qb_location,U,2883,0.5856864769908248,0.40827889808273726,0.10667141528857933,0.07772585574288243,0.0,random_forest,full,classification,explosive,,
starting_hash,0,227,0.4912871287128713,0.3565067583549152,0.09945596700467517,0.04156747052464411,0.0,random_forest,full,classification,explosive,,
starting_hash,L,9159,0.5967130025013777,0.32325524777492265,0.07876198271959077,0.05552905793951164,0.0,random_forest,full,classification,explosive,,
starting_hash,M,2114,0.5665853297840876,0.3386016495047046,0.08169366741943718,0.05812580468403907,0.0,random_forest,full,classification,explosive,,
starting_hash,R,8616,0.5839098886577465,0.3057543254359786,0.07462304431509391,0.04942900918285588,0.0,random_forest,full,classification,explosive,,
box_bucket,light_box,5752,0.5800884955752211,0.2982269668745995,0.07412379341195666,0.044605023403642745,0.0,random_forest,full,classification,explosive,,
box_bucket,loaded_box,509,0.7491249491249492,0.35065574771009,0.09616018213420542,0.0738996548616507,0.0,random_forest,full,classification,explosive,,
box_bucket,standard_box,13855,0.583730502031721,0.3246423467686241,0.07826087871313225,0.05592365258965045,0.0,random_forest,full,classification,explosive,,
down_bucket,early_down,14162,0.5999908342573259,0.4422670113644694,0.1380869110195342,0.23091788537038924,0.035164524784634936,logistic_regression,no_motion,classification,explosive,,
down_bucket,late_down,5954,0.5849606772099407,0.44311007686925347,0.14021957393641096,0.2320820478768952,0.03879744709439033,logistic_regression,no_motion,classification,explosive,,
distance_bucket,long,13759,0.579906110664488,0.45336045761763105,0.14107061603822912,0.23162568840324108,0.030016716331128717,logistic_regression,no_motion,classification,explosive,,
distance_bucket,medium,4319,0.6250701475574503,0.4328388422902973,0.13817565406454968,0.23607281809994182,0.053021532762213476,logistic_regression,no_motion,classification,explosive,,
distance_bucket,short,2038,0.6526117420468885,0.3898161513299171,0.12398573164928828,0.21861592618284792,0.042688910696761534,logistic_regression,no_motion,classification,explosive,,
field_zone,backed_up,11014,0.538724870985539,0.5028967459092348,0.15876596815442584,0.26009736702722147,0.03967677501361903,logistic_regression,no_motion,classification,explosive,,
field_zone,red_zone,2754,0.6570775196367613,0.04718830362507005,0.0056478514826483845,0.030109840930334295,0.0,logistic_regression,no_motion,classification,explosive,,
field_zone,scoring_range,6348,0.5145631125645242,0.5092629907050086,0.16166534669816854,0.2687628280999109,0.045998739760554505,logistic_regression,no_motion,classification,explosive,,
pressure_bucket,standard_rush,20115,0.5962299178282192,0.44252249370423236,0.13872125507741087,0.23126023797449027,0.036241610738255034,logistic_regression,no_motion,classification,explosive,,
score_state,leading_big,2264,0.6038896517846177,0.4572643922091419,0.14537092750074407,0.2211342835970014,0.044169611307420496,logistic_regression,no_motion,classification,explosive,,
score_state,one_score,12762,0.592109965818892,0.44743826972632367,0.1407758617746101,0.23455867859302015,0.03745494436608682,logistic_regression,no_motion,classification,explosive,,
score_state,trailing_big,5090,0.5979641899638017,0.42361670538591556,0.13059977391881636,0.2275028941860023,0.029666011787819253,logistic_regression,no_motion,classification,explosive,,
qb_location,0,225,0.587893864013267,0.492428877630237,0.15659034084990614,0.23370477062786038,0.0,logistic_regression,no_motion,classification,explosive,,
qb_location,P,666,0.5773250151359604,0.4519139853804829,0.14215288474498222,0.22070268142968372,0.02252252252252252,logistic_regression,no_motion,classification,explosive,,
qb_location,S,16342,0.5781899492496908,0.42865775972458015,0.1323395895172597,0.22867814883182702,0.02398727205972341,logistic_regression,no_motion,classification,explosive,,
qb_location,U,2883,0.6099300881909577,0.5150074545521528,0.17268607605049927,0.248175097177329,0.11168921262573708,logistic_regression,no_motion,classification,explosive,,
starting_hash,0,227,0.6069306930693069,0.49208609851408336,0.1564487016497687,0.2298673389205603,0.0,logistic_regression,no_motion,classification,explosive,,
starting_hash,L,9159,0.6015243914842373,0.444244479097222,0.13924305557260439,0.23151918567955815,0.03461076536739819,logistic_regression,no_motion,classification,explosive,,
starting_hash,M,2114,0.5679760198393738,0.4379328761933178,0.13789640036681308,0.21905091395320206,0.03216650898770104,logistic_regression,no_motion,classification,explosive,,
starting_hash,R,8616,0.5973430888798216,0.44049837325166247,0.13789463619273562,0.23410329905404836,0.039925719591457756,logistic_regression,no_motion,classification,explosive,,
box_bucket,light_box,5752,0.5696514443145767,0.44105010154621144,0.13683124474469824,0.23275823803289344,0.024860917941585535,logistic_regression,no_motion,classification,explosive,,
box_bucket,loaded_box,509,0.7249084249084249,0.38543325290253677,0.1272770812532357,0.16685242344365597,0.07269155206286837,logistic_regression,no_motion,classification,explosive,,
box_bucket,standard_box,13855,0.5992952790943146,0.445222454189964,0.1399218204941633,0.23308904268517786,0.03962468422952003,logistic_regression,no_motion,classification,explosive,,
down_bucket,early_down,14162,0.6004644196090184,0.30899081438300724,0.07748128642506734,0.04957830025368938,0.0,random_forest,no_motion,classification,explosive,,
down_bucket,late_down,5954,0.5843498155403666,0.31355385282579573,0.0763028294621436,0.05208080600677405,0.0,random_forest,no_motion,classification,explosive,,
distance_bucket,long,13759,0.5733570061948464,0.3309654353437243,0.08233315892880123,0.05466978798035532,0.0,random_forest,no_motion,classification,explosive,,
distance_bucket,medium,4319,0.6361876512004073,0.2804170320107865,0.06945463849929132,0.04551123012888019,0.0,random_forest,no_motion,classification,explosive,,
distance_bucket,short,2038,0.6608678687653582,0.2345205921825542,0.05829269263473561,0.03444647118300724,0.0,random_forest,no_motion,classification,explosive,,
field_zone,backed_up,11014,0.5393424748639424,0.36260576740335754,0.08999337433844644,0.060860440565185026,0.0,random_forest,no_motion,classification,explosive,,
field_zone,red_zone,2754,0.959367646571438,0.019840445172574963,0.003847556724592416,0.0017852092394108744,0.0,random_forest,no_motion,classification,explosive,,
field_zone,scoring_range,6348,0.5193819336838003,0.3456910908681608,0.0866121343393557,0.05381156268755327,0.0,random_forest,no_motion,classification,explosive,,
pressure_bucket,standard_rush,20115,0.5953249170542054,0.3103555125117902,0.07713628362775894,0.05006325125517596,0.0,random_forest,no_motion,classification,explosive,,
score_state,leading_big,2264,0.5744962097107323,0.3687664291004875,0.09138407569150421,0.06834924467504899,0.0,random_forest,no_motion,classification,explosive,,
score_state,one_score,12762,0.5950722039449765,0.3099881626464602,0.07754405472674115,0.049800372185468,0.0,random_forest,no_motion,classification,explosive,,
score_state,trailing_big,5090,0.606736159380388,0.28523996578375393,0.06976154247174271,0.04419010099992505,0.0,random_forest,no_motion,classification,explosive,,
qb_location,0,225,0.4856965174129353,0.3856581887011926,0.09970801761305124,0.06363192097669138,0.0,random_forest,no_motion,classification,explosive,,
qb_location,P,666,0.5781147174182,0.36067251739296385,0.08948760004455843,0.06663091869937295,0.0,random_forest,no_motion,classification,explosive,,
qb_location,S,16342,0.5841042233670439,0.2924921800261031,0.07128266818319236,0.04543544268148642,0.0,random_forest,no_motion,classification,explosive,,
qb_location,U,2883,0.5942824247172073,0.394012958025972,0.10567555183040742,0.07229151127708815,0.0,random_forest,no_motion,classification,explosive,,
starting_hash,0,227,0.49465346534653465,0.39589551918245064,0.10283276308193895,0.06770426537563187,0.0,random_forest,no_motion,classification,explosive,,
starting_hash,L,9159,0.5945589948673718,0.3147414353619316,0.0783285797909944,0.05166278398887783,0.0,random_forest,no_motion,classification,explosive,,
starting_hash,M,2114,0.5763315359588652,0.3290867831849167,0.08131277001130308,0.055139691934794934,0.0,random_forest,no_motion,classification,explosive,,
starting_hash,R,8616,0.6032951911235378,0.29881070148905226,0.07415823231664276,0.04723814695589672,0.0,random_forest,no_motion,classification,explosive,,
box_bucket,light_box,5752,0.5752529637669059,0.3013253187965672,0.07436110255702788,0.04670190971297752,0.0,random_forest,no_motion,classification,explosive,,
box_bucket,loaded_box,509,0.7452991452991453,0.35503967396978775,0.0959335262928039,0.076334450130231,0.0,random_forest,no_motion,classification,explosive,,
box_bucket,standard_box,13855,0.5959812626335796,0.3124423764163449,0.07759233476566908,0.05105970011350951,0.0,random_forest,no_motion,classification,explosive,,
down_bucket,early_down,14162,0.6155073815550308,0.38590552490166713,0.11457293578641745,0.17753835991154807,0.02358423951419291,logistic_regression,no_tracking_response,classification,explosive,,
down_bucket,late_down,5954,0.5880374829601244,0.37642210301901924,0.1117331515142362,0.16935369099499914,0.01729929459187101,logistic_regression,no_tracking_response,classification,explosive,,
distance_bucket,long,13759,0.5915921236101812,0.3988835343231624,0.11844348484093398,0.1784563785016133,0.02223998837124791,logistic_regression,no_tracking_response,classification,explosive,,
distance_bucket,medium,4319,0.6356154672023817,0.3634921467461031,0.10832175598914236,0.1741158458055245,0.0236165779115536,logistic_regression,no_tracking_response,classification,explosive,,
distance_bucket,short,2038,0.6579082818622568,0.31808150857892026,0.0933932917956279,0.15477739185579809,0.01422963689892051,logistic_regression,no_tracking_response,classification,explosive,,
field_zone,backed_up,11014,0.5540445413968886,0.4364353829135649,0.1304651266226201,0.1973565134775225,0.023333938623570003,logistic_regression,no_tracking_response,classification,explosive,,
field_zone,red_zone,2754,0.6368276273489544,0.03835707681520376,0.004940424948046227,0.01986800574671839,0.0,logistic_regression,no_tracking_response,classification,explosive,,
field_zone,scoring_range,6348,0.5259338786801403,0.4401191789655918,0.1318985925952345,0.2040503406867933,0.02835538752362949,logistic_regression,no_tracking_response,classification,explosive,,
pressure_bucket,standard_rush,20115,0.6079684147098283,0.3830966950687118,0.11373218652902135,0.17510745078390216,0.02172508078548347,logistic_regression,no_tracking_response,classification,explosive,,
score_state,leading_big,2264,0.6126692791193579,0.4083159664404858,0.1246056466907467,0.17234306971979532,0.026501766784452298,logistic_regression,no_tracking_response,classification,explosive,,
score_state,one_score,12762,0.6064736521268115,0.38509964487474363,0.11448113236602497,0.17619122340907628,0.020999843284751605,logistic_regression,no_tracking_response,classification,explosive,,
score_state,trailing_big,5090,0.601734083174609,0.366864878019629,0.10701880262474359,0.17365285388198815,0.021414538310412574,logistic_regression,no_tracking_response,classification,explosive,,
qb_location,0,225,0.6214759535655058,0.5721793663488042,0.19498817926518194,0.29878580908494734,0.18222222222222223,logistic_regression,no_tracking_response,classification,explosive,,
qb_location,P,666,0.6053067993366501,0.4167264685792977,0.12780951463496373,0.18409651191468943,0.036036036036036036,logistic_regression,no_tracking_response,classification,explosive,,
qb_location,S,16342,0.5904012931710487,0.36554412544276743,0.10599744488293941,0.16929003599030423,0.012544364214906376,logistic_regression,no_tracking_response,classification,explosive,,
qb_location,U,2883,0.6173521347434392,0.4600794178094526,0.14798382912398836,0.19641251374218538,0.05792577176552203,logistic_regression,no_tracking_response,classification,explosive,,
starting_hash,0,227,0.6334653465346535,0.5694740418210708,0.19365814789156774,0.2941275163905852,0.1762114537444934,logistic_regression,no_tracking_response,classification,explosive,,
starting_hash,L,9159,0.6178609574459096,0.37965872052730176,0.11205995895407707,0.17093599758708128,0.019434436073807185,logistic_regression,no_tracking_response,classification,explosive,,
starting_hash,M,2114,0.5706578618069301,0.3968829287897426,0.120456311242187,0.17830989743519013,0.026017029328287606,logistic_regression,no_tracking_response,classification,explosive,,
starting_hash,R,8616,0.6055503158326588,0.37846284874282665,0.11175474641657904,0.17567227492964746,0.01903435468895079,logistic_regression,no_tracking_response,classification,explosive,,
box_bucket,light_box,5752,0.575418266822508,0.3863237068783491,0.11396386036715964,0.18086399115154936,0.02051460361613352,logistic_regression,no_tracking_response,classification,explosive,,
box_bucket,loaded_box,509,0.7082621082621083,0.368810977751555,0.12039092023746584,0.14394983291828675,0.0550098231827112,logistic_regression,no_tracking_response,classification,explosive,,
box_bucket,standard_box,13855,0.6132370939144953,0.38228455397999606,0.11339169956623844,0.1739134277803477,0.021003247924936845,logistic_regression,no_tracking_response,classification,explosive,,
down_bucket,early_down,14162,0.5860603560858059,0.3172404335360799,0.07796763900050482,0.052519806101715354,0.0,random_forest,no_tracking_response,classification,explosive,,
down_bucket,late_down,5954,0.5774698048636333,0.3188318513470483,0.07646486738797534,0.0527302553346839,0.0,random_forest,no_tracking_response,classification,explosive,,
distance_bucket,long,13759,0.5632264295776319,0.33833630043869983,0.08274909639553588,0.05696224785379285,0.0,random_forest,no_tracking_response,classification,explosive,,
distance_bucket,medium,4319,0.6262113716853805,0.2874158740429427,0.06977066507029384,0.04720831872125017,0.0,random_forest,no_tracking_response,classification,explosive,,
distance_bucket,short,2038,0.6319278408713556,0.2426720043821137,0.05866791178036171,0.03443860710061992,0.0,random_forest,no_tracking_response,classification,explosive,,
field_zone,backed_up,11014,0.5311344648844875,0.3718030528933992,0.09047017568171122,0.0640613661750716,0.0,random_forest,no_tracking_response,classification,explosive,,
field_zone,red_zone,2754,0.941967984622013,0.023706916304909793,0.003931487474152344,0.005436134893942601,0.0,random_forest,no_tracking_response,classification,explosive,,
field_zone,scoring_range,6348,0.5138079530006749,0.35141086808233574,0.08698545880450093,0.0576284106745374,0.0,random_forest,no_tracking_response,classification,explosive,,
pressure_bucket,standard_rush,20115,0.5835818806950295,0.3177262213255061,0.07752667637700086,0.05248280598254715,0.0,random_forest,no_tracking_response,classification,explosive,,
score_state,leading_big,2264,0.5873441180739302,0.3701392413438753,0.09133263448714861,0.06860788348133927,0.0,random_forest,no_tracking_response,classification,explosive,,
score_state,one_score,12762,0.5798005908389496,0.31872411509000875,0.07802284862966494,0.052351743665140345,0.0,random_forest,no_tracking_response,classification,explosive,,
score_state,trailing_big,5090,0.5898906832522409,0.29185293977938354,0.07012668865667311,0.04590644069605328,0.0,random_forest,no_tracking_response,classification,explosive,,
qb_location,0,225,0.5259121061359868,0.35276822622792364,0.09688422760013464,0.04505212145809785,0.0,random_forest,no_tracking_response,classification,explosive,,
qb_location,P,666,0.5441838426913055,0.3596505640137386,0.08969251008647344,0.064462815255022,0.0,random_forest,no_tracking_response,classification,explosive,,
qb_location,S,16342,0.5734011267545274,0.29940379710241255,0.07160379595514037,0.047683154294251386,0.0,random_forest,no_tracking_response,classification,explosive,,
qb_location,U,2883,0.5813612031003335,0.40906239468478295,0.10675203868422793,0.07845278648462345,0.0,random_forest,no_tracking_response,classification,explosive,,
starting_hash,0,227,0.5188118811881188,0.363957309835434,0.10008933852378663,0.04912360188047039,0.0,random_forest,no_tracking_response,classification,explosive,,
starting_hash,L,9159,0.592236152841597,0.3236064933357767,0.07875898586975558,0.055075678786647514,0.0,random_forest,no_tracking_response,classification,explosive,,
starting_hash,M,2114,0.574750301458376,0.33537932059221714,0.08155083365196905,0.05729345303309222,0.0,random_forest,no_tracking_response,classification,explosive,,
starting_hash,R,8616,0.5770636890176152,0.30589157348320783,0.07462595522132093,0.048970596127322616,0.0,random_forest,no_tracking_response,classification,explosive,,
box_bucket,light_box,5752,0.5720975955919185,0.29929876681434575,0.07419077160700892,0.04513660906161628,0.0,random_forest,no_tracking_response,classification,explosive,,
box_bucket,loaded_box,509,0.7352462352462352,0.3499683052270678,0.09595155464390527,0.07199119461938236,0.0,random_forest,no_tracking_response,classification,explosive,,
box_bucket,standard_box,13855,0.5811357631199509,0.324170587411158,0.07822914935805786,0.05511961472151329,0.0,random_forest,no_tracking_response,classification,explosive,,
down_bucket,early_down,14162,0.5879109215633644,1.3632821134212676,0.44847720458847834,0.4498256300366211,0.11248411241350091,logistic_regression,full,classification,completion,,
down_bucket,late_down,5954,0.5679657562996764,1.2452727969765143,0.39581346106716264,0.3864469184233201,0.057608330534094726,logistic_regression,full,classification,completion,,
distance_bucket,long,13759,0.5911315131379109,1.3319651023454355,0.436440501850478,0.43538138288879097,0.10931026964168908,logistic_regression,full,classification,completion,,
distance_bucket,medium,4319,0.5951618465995789,1.305153628304624,0.41832211328691743,0.41537830497312234,0.07455429497568881,logistic_regression,full,classification,completion,,
distance_bucket,short,2038,0.5785237683462654,1.3531350145493837,0.439788737158485,0.4364007165496694,0.053974484789008834,logistic_regression,full,classification,completion,,
field_zone,backed_up,11014,0.5825914418932977,1.357719965827813,0.4463136438558517,0.4453591415344224,0.09224623206827674,logistic_regression,full,classification,completion,,
field_zone,red_zone,2754,0.6252205339242376,1.2133573755418208,0.3794604961467214,0.375519220158228,0.09840232389251997,logistic_regression,full,classification,completion,,
field_zone,scoring_range,6348,0.5796957109493797,1.3272907384373744,0.4327780149274565,0.4306585515487941,0.10223692501575299,logistic_regression,full,classification,completion,,
pressure_bucket,standard_rush,20115,0.5940124718071458,1.328417373179913,0.4329110602255168,0.4310727429823729,0.09624658215262243,logistic_regression,full,classification,completion,,
score_state,leading_big,2264,0.6082511134280713,1.2550418920677415,0.4154681901143184,0.41000663306730223,0.127208480565371,logistic_regression,full,classification,completion,,
score_state,one_score,12762,0.5957125082306951,1.340121016149541,0.4365540018998158,0.4365514387956665,0.09896567936060179,logistic_regression,full,classification,completion,,
score_state,trailing_big,5090,0.5835807274073851,1.3314570278444697,0.4314509555818565,0.42672682059277717,0.0756385068762279,logistic_regression,full,classification,completion,,
qb_location,0,225,0.5306472703497875,1.4623198115243785,0.481204435487175,0.4912952668237377,0.022222222222222223,logistic_regression,full,classification,completion,,
qb_location,P,666,0.5670066356553312,1.394888431196598,0.463099546755959,0.46227760963140524,0.12012012012012012,logistic_regression,full,classification,completion,,
qb_location,S,16342,0.5989980036615936,1.3047211874381153,0.42688773672540614,0.4252338642174603,0.09380736751927549,logistic_regression,full,classification,completion,,
qb_location,U,2883,0.5923786017277302,1.4364842960758093,0.4561612309695618,0.45433590442618405,0.11030176899063475,logistic_regression,full,classification,completion,,
starting_hash,0,227,0.529665071770335,1.4367915859525617,0.4728874448565195,0.48123225148282367,0.022026431718061675,logistic_regression,full,classification,completion,,
starting_hash,L,9159,0.5974741993866588,1.3227592654031202,0.43088833553827416,0.42723522689596416,0.10339556720165957,logistic_regression,full,classification,completion,,
starting_hash,M,2114,0.5850983497863562,1.3568945690691256,0.43925922422461505,0.44024796889040124,0.09555345316934721,logistic_regression,full,classification,completion,,
starting_hash,R,8616,0.5938853402994669,1.324440181362537,0.43240039500784555,0.4315514214902404,0.09076137418755803,logistic_regression,full,classification,completion,,
box_bucket,light_box,5752,0.5948783090538847,1.2595344554918755,0.4145470969575904,0.4109514812333378,0.08466620305980528,logistic_regression,full,classification,completion,,
box_bucket,loaded_box,509,0.6054396662387678,1.5122659753874268,0.4725883781814294,0.4848076057793027,0.068762278978389,logistic_regression,full,classification,completion,,
box_bucket,standard_box,13855,0.597109686381764,1.350167445255048,0.43904620226499513,0.43763156794247277,0.10205701912666908,logistic_regression,full,classification,completion,,
down_bucket,early_down,14162,0.5831760932181337,1.1037806568379336,0.39290882847688247,0.3883245080222002,0.11290778138680978,random_forest,full,classification,completion,,
down_bucket,late_down,5954,0.5584566639134496,1.0570429487343203,0.3616116741964627,0.3408634284393616,0.05861605643265032,random_forest,full,classification,completion,,
distance_bucket,long,13759,0.5890548907814857,1.0856864545590488,0.3838874256602766,0.37512397636105294,0.10981902754560652,random_forest,full,classification,completion,,
distance_bucket,medium,4319,0.5865307042136791,1.0980678948762,0.3794419167597429,0.36893839400527034,0.07501736513081732,random_forest,full,classification,completion,,
distance_bucket,short,2038,0.5727004845595338,1.1015015763762013,0.3909195333220179,0.38144029976768024,0.05544651619234544,random_forest,full,classification,completion,,
field_zone,backed_up,11014,0.5891070489999388,1.1314709715968807,0.39843052799092854,0.39315825845057567,0.09279099328127838,random_forest,full,classification,completion,,
field_zone,red_zone,2754,0.6179587422180015,0.9333418644618751,0.32623877694347236,0.3003831017652601,0.09985475671750181,random_forest,full,classification,completion,,
field_zone,scoring_range,6348,0.5860568587271969,1.0858428801208115,0.38289781191886246,0.37322043021946394,0.10255198487712665,random_forest,full,classification,completion,,
pressure_bucket,standard_rush,20115,0.5901049062877601,1.089998324099579,0.3836643025031722,0.37411538227232477,0.09684315187670893,random_forest,full,classification,completion,,
score_state,leading_big,2264,0.6034619246215632,1.0233261865636913,0.3660826528092212,0.35333647117518685,0.12809187279151943,random_forest,full,classification,completion,,
score_state,one_score,12762,0.5987647614674947,1.0744690884672567,0.380467763071556,0.37236255829120835,0.09959254035417646,random_forest,full,classification,completion,,
score_state,trailing_big,5090,0.5551291578468022,1.1583871091362732,0.39942436518193986,0.3878037389485565,0.07603143418467584,random_forest,full,classification,completion,,
qb_location,0,225,0.5036776724419745,1.1063284710477947,0.4062722548608177,0.4054526658240718,0.022222222222222223,random_forest,full,classification,completion,,
qb_location,P,666,0.5971993489545713,0.9801606477516958,0.3637664356715391,0.3546370437882113,0.12012012012012012,random_forest,full,classification,completion,,
qb_location,S,16342,0.5958065921631625,1.0794356433989585,0.379279828728396,0.3694014432947931,0.09429690368375963,random_forest,full,classification,completion,,
qb_location,U,2883,0.5541057322867693,1.173613318449115,0.41121750692853704,0.40692759506471593,0.11168921262573708,random_forest,full,classification,completion,,
starting_hash,0,227,0.5143540669856459,1.0896024819798251,0.399631835028767,0.3962649324207627,0.022026431718061675,random_forest,full,classification,completion,,
starting_hash,L,9159,0.5895136132945954,1.090079430769805,0.38316664939109324,0.37197791237423455,0.10394147832732831,random_forest,full,classification,completion,,
starting_hash,M,2114,0.5806891852070134,1.0971861240917509,0.3867450619382526,0.37910957343287943,0.09697256385998108,random_forest,full,classification,completion,,
starting_hash,R,8616,0.5942160419185812,1.0880393039395235,0.38297259839755454,0.3747740042754807,0.09122562674094707,random_forest,full,classification,completion,,
box_bucket,light_box,5752,0.595856951950188,1.0598770612813366,0.370895904531145,0.3589667345720966,0.08431849791376912,random_forest,full,classification,completion,,
box_bucket,loaded_box,509,0.5585847240051347,1.1129821368502786,0.39932565264972175,0.4026822812736611,0.07072691552062868,random_forest,full,classification,completion,,
box_bucket,standard_box,13855,0.5885274662802904,1.1015845986832133,0.38836237726405587,0.37966903249298173,0.102995308552869,random_forest,full,classification,completion,,
down_bucket,early_down,14162,0.5481031094860429,0.9109793594488722,0.347013130239217,0.33236956176711113,0.006566869086287248,logistic_regression,no_motion,classification,completion,,
down_bucket,late_down,5954,0.5380434782608696,0.8801880474495006,0.32512734714398883,0.2757881652320675,0.00705408128988915,logistic_regression,no_motion,classification,completion,,
distance_bucket,long,13759,0.5591466714321036,0.9006618340124212,0.34152488656588526,0.3198171045654409,0.0065411730503670325,logistic_regression,no_motion,classification,completion,,
distance_bucket,medium,4319,0.573087480343545,0.9041169763945976,0.33789713162954177,0.3056243675327237,0.006714517249363279,logistic_regression,no_motion,classification,completion,,
distance_bucket,short,2038,0.5643482596366582,0.9052217506398845,0.33944531382487414,0.3089680667515791,0.007850834151128557,logistic_regression,no_motion,classification,completion,,
field_zone,backed_up,11014,0.5669545926651981,0.9046986869648475,0.34293356865215874,0.322847687892775,0.007445069911022335,logistic_regression,no_motion,classification,completion,,
field_zone,red_zone,2754,0.5899820618339136,0.8848178342968487,0.327533863489464,0.2884991586286388,0.004357298474945534,logistic_regression,no_motion,classification,completion,,
field_zone,scoring_range,6348,0.543787223565714,0.9043461986680692,0.3420147432511404,0.31605088496636585,0.00645872715816005,logistic_regression,no_motion,classification,completion,,
pressure_bucket,standard_rush,20115,0.5685411512868579,0.9019018072980364,0.3405509591944856,0.3155100187868072,0.006711409395973154,logistic_regression,no_motion,classification,completion,,
score_state,leading_big,2264,0.5606649353825559,0.8622058366561843,0.3258795126551659,0.293159100850142,0.008392226148409895,logistic_regression,no_motion,classification,completion,,
score_state,one_score,12762,0.5730995881281904,0.9064535991093191,0.343002477271614,0.32210488741005333,0.0050148879485973985,logistic_regression,no_motion,classification,completion,,
score_state,trailing_big,5090,0.5599957214273918,0.9080028442056037,0.34086824042268504,0.30952662606079084,0.010216110019646365,logistic_regression,no_motion,classification,completion,,
qb_location,0,225,0.4848806799607714,0.9292182979707834,0.35271142316721305,0.32753971221098194,0.0,logistic_regression,no_motion,classification,completion,,
qb_location,P,666,0.5247849912840812,0.9113543537326715,0.3475624925432963,0.3344588157492523,0.010510510510510511,logistic_regression,no_motion,classification,completion,,
qb_location,S,16342,0.5743009384010113,0.8951147529599549,0.33742489394624325,0.31012659773118756,0.006669930241096561,logistic_regression,no_motion,classification,completion,,
qb_location,U,2883,0.5476369868146912,0.9358057278974287,0.3555927395862414,0.3410332963375128,0.0065903572667360385,logistic_regression,no_motion,classification,completion,,
starting_hash,0,227,0.48979266347687406,0.9164019469016156,0.34720364591147773,0.31730583882648694,0.0,logistic_regression,no_motion,classification,completion,,
starting_hash,L,9159,0.5683867955702284,0.9023972851619675,0.34076361649496495,0.3161575627532276,0.006878480183426138,logistic_regression,no_motion,classification,completion,,
starting_hash,M,2114,0.5683623102991013,0.9116173268547164,0.34455143484501055,0.32419265199087827,0.007095553453169348,logistic_regression,no_motion,classification,completion,,
starting_hash,R,8616,0.5707360615003529,0.8985248743399791,0.3391315286654431,0.3134611636838991,0.006615598885793872,logistic_regression,no_motion,classification,completion,,
box_bucket,light_box,5752,0.5730663328242481,0.8901990627037765,0.3343069741666841,0.3018777098327126,0.006084840055632823,logistic_regression,no_motion,classification,completion,,
box_bucket,loaded_box,509,0.5706354300385109,0.9548098103329764,0.36165188388950903,0.3532894459709438,0.003929273084479371,logistic_regression,no_motion,classification,completion,,
box_bucket,standard_box,13855,0.5653752347646797,0.9047640650232874,0.342345265322019,0.32030040068459087,0.007073258751353302,logistic_regression,no_motion,classification,completion,,
down_bucket,early_down,14162,0.5425083251096097,0.8321282176622852,0.3106037206909079,0.2647553168600297,0.056842253918938004,random_forest,no_motion,classification,completion,,
down_bucket,late_down,5954,0.5356286587319856,0.8904370399034599,0.32528651831415556,0.2706852246860604,0.01864292912327847,random_forest,no_motion,classification,completion,,
distance_bucket,long,13759,0.5568785555995746,0.8308447136474056,0.30891414482027457,0.2574095065084344,0.05567265062867941,random_forest,no_motion,classification,completion,,
distance_bucket,medium,4319,0.5695770522245517,0.8877433737221043,0.3266152781419784,0.2811916446018356,0.02060662190321834,random_forest,no_motion,classification,completion,,
distance_bucket,short,2038,0.5789941104982705,0.8932806221482137,0.3309738555396258,0.2979682463551161,0.029931305201177625,random_forest,no_motion,classification,completion,,
field_zone,backed_up,11014,0.5682822184268268,0.8601712793705459,0.3198900165968023,0.2798992575391937,0.049391683312148174,random_forest,no_motion,classification,completion,,
field_zone,red_zone,2754,0.5859359501952094,0.8022101422508215,0.2935941840633902,0.21959168584277652,0.017066085693536674,random_forest,no_motion,classification,completion,,
field_zone,scoring_range,6348,0.5531938534889229,0.85114189530128,0.31564253257078817,0.263894692516285,0.05119722747321991,random_forest,no_motion,classification,completion,,
pressure_bucket,standard_rush,20115,0.567910064250331,0.8494229107590558,0.3149646042540914,0.266472221181483,0.0455381556052697,random_forest,no_motion,classification,completion,,
score_state,leading_big,2264,0.5586866697559469,0.798718440412904,0.29662112028000187,0.23347404105526934,0.05256183745583039,random_forest,no_motion,classification,completion,,
score_state,one_score,12762,0.5727658451582872,0.8396359552140438,0.3115554170301216,0.2637514459553524,0.056574204670114404,random_forest,no_motion,classification,completion,,
score_state,trailing_big,5090,0.5503385952270146,0.896371187540676,0.331612057763219,0.28845956468608136,0.014734774066797643,random_forest,no_motion,classification,completion,,
qb_location,0,225,0.46395881006864986,0.9087831347155787,0.3408970710769143,0.28965777777391155,0.022222222222222223,random_forest,no_motion,classification,completion,,
qb_location,P,666,0.5068234568971329,0.793728456893778,0.29559597297490753,0.23148881964849893,0.12162162162162163,random_forest,no_motion,classification,completion,,
qb_location,S,16342,0.5751937121866681,0.8532367542120138,0.3152721223806034,0.2669865607938497,0.04944315261289928,random_forest,no_motion,classification,completion,,
qb_location,U,2883,0.5154636342288418,0.8357847933345441,0.31556713129715747,0.27038909003208766,0.007630939993062782,random_forest,no_motion,classification,completion,,
starting_hash,0,227,0.4650717703349282,0.8971909055621862,0.3359821794707776,0.2783976942149255,0.02643171806167401,random_forest,no_motion,classification,completion,,
starting_hash,L,9159,0.5639182196029212,0.8492309161498771,0.31496039048280733,0.2658778659530461,0.04367289005349929,random_forest,no_motion,classification,completion,,
starting_hash,M,2114,0.5609363489023133,0.8519039819259306,0.3163731741292462,0.2685173143188603,0.04966887417218543,random_forest,no_motion,classification,completion,,
starting_hash,R,8616,0.5763114944514269,0.8476750974637564,0.31403467516086286,0.26631185491594495,0.04700557103064067,random_forest,no_motion,classification,completion,,
box_bucket,light_box,5752,0.5721792273652881,0.8662929031550004,0.3188480787787967,0.26982653331395373,0.035639777468706536,random_forest,no_motion,classification,completion,,
box_bucket,loaded_box,509,0.5722721437740693,0.8365947256160134,0.31425743571091785,0.27556586822496015,0.03143418467583497,random_forest,no_motion,classification,completion,,
box_bucket,standard_box,13855,0.5624136574606207,0.8428378534703983,0.31335652389423485,0.2650039860306508,0.050162396246842295,random_forest,no_motion,classification,completion,,
down_bucket,early_down,14162,0.590483567546312,1.3684602371193335,0.44927862556593606,0.45100490397483844,0.11269594690015534,logistic_regression,no_tracking_response,classification,completion,,
down_bucket,late_down,5954,0.570821541891776,1.2524818920831873,0.3968381311779935,0.3879029979841968,0.05710446758481693,logistic_regression,no_tracking_response,classification,completion,,
distance_bucket,long,13759,0.5936447993118148,1.3353754438195864,0.43695238831256894,0.4362555266810169,0.10952830874336798,logistic_regression,no_tracking_response,classification,completion,,
distance_bucket,medium,4319,0.5993564466913486,1.3182317828689916,0.4202785515581423,0.417928925414097,0.07432275989812456,logistic_regression,no_tracking_response,classification,completion,,
distance_bucket,short,2038,0.5791888691533451,1.3594392845056116,0.44074933921801107,0.43842465186355384,0.05299313052011776,logistic_regression,no_tracking_response,classification,completion,,
field_zone,backed_up,11014,0.5837250066656177,1.357279390367069,0.44624501184754267,0.44542001472138665,0.09224623206827674,logistic_regression,no_tracking_response,classification,completion,,
field_zone,red_zone,2754,0.6281233512714994,1.232391276248291,0.38226845203650217,0.3792891193251142,0.09803921568627451,logistic_regression,no_tracking_response,classification,completion,,
field_zone,scoring_range,6348,0.5824331553503014,1.3381112607524583,0.43442789081619404,0.43298616324088385,0.10239445494643983,logistic_regression,no_tracking_response,classification,completion,,
pressure_bucket,standard_rush,20115,0.5970068469467712,1.3341969151723045,0.43377860214590147,0.43235124141172704,0.09624658215262243,logistic_regression,no_tracking_response,classification,completion,,
score_state,leading_big,2264,0.6103774070641541,1.2665804349551357,0.41733386163907,0.4142241082599872,0.12765017667844522,logistic_regression,no_tracking_response,classification,completion,,
score_state,one_score,12762,0.5990108064779728,1.3471639048551756,0.4376268458434097,0.4379641728114594,0.09888732173640495,logistic_regression,no_tracking_response,classification,completion,,
score_state,trailing_big,5090,0.5861991638017745,1.3315063271212422,0.4313596186432438,0.4273903311312907,0.0756385068762279,logistic_regression,no_tracking_response,classification,completion,,
qb_location,0,225,0.5295031055900621,1.434556589356105,0.47696270960628934,0.48683917491670237,0.022222222222222223,logistic_regression,no_tracking_response,classification,completion,,
qb_location,P,666,0.5715620274864446,1.3822571093341283,0.4609240057340528,0.4605702453451055,0.12012012012012012,logistic_regression,no_tracking_response,classification,completion,,
qb_location,S,16342,0.6020153195280715,1.311566614234383,0.42793251977316504,0.4266892702277787,0.0935625994370334,logistic_regression,no_tracking_response,classification,completion,,
qb_location,U,2883,0.5933418937081245,1.4430908728086576,0.4571255264256688,0.4552220480765632,0.11168921262573708,logistic_regression,no_tracking_response,classification,completion,,
starting_hash,0,227,0.5287878787878788,1.4100509816412836,0.4687762002402452,0.4769016403552411,0.022026431718061675,logistic_regression,no_tracking_response,classification,completion,,
starting_hash,L,9159,0.6004668270284399,1.32942368850155,0.43191847502929404,0.4287267846246276,0.10328638497652583,logistic_regression,no_tracking_response,classification,completion,,
starting_hash,M,2114,0.5885157285987918,1.3635057311536318,0.4400577235365222,0.44145279978587443,0.09602649006622517,logistic_regression,no_tracking_response,classification,completion,,
starting_hash,R,8616,0.5966945391433571,1.3299311527472442,0.4332431047463456,0.43282512153779684,0.09076137418755803,logistic_regression,no_tracking_response,classification,completion,,
box_bucket,light_box,5752,0.5990154830435463,1.263589702821009,0.41526932288592017,0.41204327381874417,0.0844923504867872,logistic_regression,no_tracking_response,classification,completion,,
box_bucket,loaded_box,509,0.5992458279845957,1.5087440488009913,0.47149807129734295,0.48354781205967196,0.07269155206286837,logistic_regression,no_tracking_response,classification,completion,,
box_bucket,standard_box,13855,0.5999141199955493,1.357004140893623,0.4400459375509492,0.43896839673067245,0.10198484301696138,logistic_regression,no_tracking_response,classification,completion,,
down_bucket,early_down,14162,0.5839055263947676,1.123081321598942,0.39703502839132887,0.39199390752904184,0.11333145036011863,random_forest,no_tracking_response,classification,completion,,
down_bucket,late_down,5954,0.5611404862813065,1.0674091534366028,0.36312420801655043,0.3423002268468253,0.05878401074907625,random_forest,no_tracking_response,classification,completion,,
distance_bucket,long,13759,0.5893993118586451,1.101575917602238,0.3871603164065587,0.37816476674648486,0.11025510574896431,random_forest,no_tracking_response,classification,completion,,
distance_bucket,medium,4319,0.5840802030846876,1.1183781002616215,0.3831884039306656,0.3720184637315281,0.07571197036351007,random_forest,no_tracking_response,classification,completion,,
distance_bucket,short,2038,0.5723908182979651,1.115590633330034,0.39397551353982085,0.3829404320752129,0.05446516192345437,random_forest,no_tracking_response,classification,completion,,
field_zone,backed_up,11014,0.5899748086093555,1.151373778192572,0.4023955312315259,0.3971279034518318,0.09306337388777919,random_forest,no_tracking_response,classification,completion,,
field_zone,red_zone,2754,0.618866729977841,0.9423748063239542,0.32782594851989455,0.3023118324250164,0.10058097312999274,random_forest,no_tracking_response,classification,completion,,
field_zone,scoring_range,6348,0.5841839402649613,1.1001734036573076,0.3859537749528552,0.3757236779337781,0.10286704473850032,random_forest,no_tracking_response,classification,completion,,
pressure_bucket,standard_rush,20115,0.5898250626896882,1.1066559110472267,0.38701712149918305,0.3772701443230031,0.09719115088242605,random_forest,no_tracking_response,classification,completion,,
score_state,leading_big,2264,0.6030628925960251,1.0400680735956305,0.3702322176140091,0.35684343227836096,0.12853356890459364,random_forest,no_tracking_response,classification,completion,,
score_state,one_score,12762,0.5969672188973698,1.0918114802314611,0.384047542013829,0.3757298153357683,0.09974925560257013,random_forest,no_tracking_response,classification,completion,,
score_state,trailing_big,5090,0.5595417486100894,1.1732847832438764,0.4018528751964515,0.3902610799220763,0.07681728880157171,random_forest,no_tracking_response,classification,completion,,
qb_location,0,225,0.5127492644655116,1.082824514721462,0.39957760367598855,0.3986531721808762,0.022222222222222223,random_forest,no_tracking_response,classification,completion,,
qb_location,P,666,0.6107018000057786,0.9843970127283088,0.36481420198126396,0.3577645187840338,0.12162162162162163,random_forest,no_tracking_response,classification,completion,,
qb_location,S,16342,0.5946059336877895,1.095386866934078,0.38246297827386594,0.3720404532107184,0.09460286378656223,random_forest,no_tracking_response,classification,completion,,
qb_location,U,2883,0.5583096424128265,1.2002690497119874,0.416847171803817,0.4113637017637869,0.11203607353451266,random_forest,no_tracking_response,classification,completion,,
starting_hash,0,227,0.517224880382775,1.068404026866898,0.39357972231195515,0.38967915193266794,0.022026431718061675,random_forest,no_tracking_response,classification,completion,,
starting_hash,L,9159,0.5884290834334005,1.1062860152852771,0.3864556116370329,0.37480363775661885,0.10415984277759581,random_forest,no_tracking_response,classification,completion,,
starting_hash,M,2114,0.5742632974804773,1.1190742701911367,0.3911191569466044,0.38306782602753625,0.097918637653737,random_forest,no_tracking_response,classification,completion,,
starting_hash,R,8616,0.5961324677290153,1.1048871217229623,0.3863899912807592,0.3781796874581262,0.09157381615598886,random_forest,no_tracking_response,classification,completion,,
box_bucket,light_box,5752,0.5974451509633458,1.0699860115818383,0.3728515338401456,0.36089783633311134,0.08501390820584144,random_forest,no_tracking_response,classification,completion,,
box_bucket,loaded_box,509,0.5525834403080873,1.1283072831643088,0.4026753537142134,0.40497819411352975,0.07269155206286837,random_forest,no_tracking_response,classification,completion,,
box_bucket,standard_box,13855,0.5880722373621383,1.121007854947411,0.3922950435885593,0.3832234028211319,0.10313966077228437,random_forest,no_tracking_response,classification,completion,,
down_bucket,early_down,14162,,,,,,ridge_regression,full,regression,epa,1.5290190302649465,1.072174721875673
down_bucket,late_down,5954,,,,,,ridge_regression,full,regression,epa,2.1449818674983248,1.634166074239062
distance_bucket,long,13759,,,,,,ridge_regression,full,regression,epa,1.62137512368173,1.115146398291137
distance_bucket,medium,4319,,,,,,ridge_regression,full,regression,epa,1.9164502924422242,1.446909688088118
distance_bucket,short,2038,,,,,,ridge_regression,full,regression,epa,2.0386568773792426,1.6297649559775866
field_zone,backed_up,11014,,,,,,ridge_regression,full,regression,epa,1.6522295211125275,1.1794939290261106
field_zone,red_zone,2754,,,,,,ridge_regression,full,regression,epa,1.9166349858861476,1.3607000285419566
field_zone,scoring_range,6348,,,,,,ridge_regression,full,regression,epa,1.789130574821601,1.2879094524770838
pressure_bucket,standard_rush,20115,,,,,,ridge_regression,full,regression,epa,1.7342202305295116,1.238443812647137
score_state,leading_big,2264,,,,,,ridge_regression,full,regression,epa,1.7574847189948535,1.2736086392725545
score_state,one_score,12762,,,,,,ridge_regression,full,regression,epa,1.7268576743079405,1.2314766400284591
score_state,trailing_big,5090,,,,,,ridge_regression,full,regression,epa,1.7424364028594903,1.240551744178074
qb_location,0,225,,,,,,ridge_regression,full,regression,epa,1.775439006579103,1.2636874041206594
qb_location,P,666,,,,,,ridge_regression,full,regression,epa,1.6994382831020909,1.201432759955118
qb_location,S,16342,,,,,,ridge_regression,full,regression,epa,1.7481088283319781,1.247083673388669
qb_location,U,2883,,,,,,ridge_regression,full,regression,epa,1.6586412131424924,1.1965445517335314
starting_hash,0,227,,,,,,ridge_regression,full,regression,epa,1.7757692053432441,1.266272125515603
starting_hash,L,9159,,,,,,ridge_regression,full,regression,epa,1.7541307293109634,1.251212677478008
starting_hash,M,2114,,,,,,ridge_regression,full,regression,epa,1.7402360478946979,1.2348304564236667
starting_hash,R,8616,,,,,,ridge_regression,full,regression,epa,1.7103195532175792,1.2251892928075567
box_bucket,light_box,5752,,,,,,ridge_regression,full,regression,epa,1.748559602974394,1.2250442646099353
box_bucket,loaded_box,509,,,,,,ridge_regression,full,regression,epa,1.9800059237640826,1.4556998040233797
box_bucket,standard_box,13855,,,,,,ridge_regression,full,regression,epa,1.718587930449451,1.2361282863181817
down_bucket,early_down,14162,,,,,,random_forest,full,regression,epa,1.5192198698891983,1.0484937755604076
down_bucket,late_down,5954,,,,,,random_forest,full,regression,epa,2.2592908370036753,1.6437220959582648
distance_bucket,long,13759,,,,,,random_forest,full,regression,epa,1.620375365872919,1.0851675494260542
distance_bucket,medium,4319,,,,,,random_forest,full,regression,epa,2.0106300676496844,1.463139793204378
distance_bucket,short,2038,,,,,,random_forest,full,regression,epa,2.1581130564637423,1.6611232234637945
field_zone,backed_up,11014,,,,,,random_forest,full,regression,epa,1.6899819641152263,1.1672801859193178
field_zone,red_zone,2754,,,,,,random_forest,full,regression,epa,1.9443127931454898,1.3493793200633764
field_zone,scoring_range,6348,,,,,,random_forest,full,regression,epa,1.8279136475946356,1.2701442334045518
pressure_bucket,standard_rush,20115,,,,,,random_forest,full,regression,epa,1.7706666023653923,1.2245592547415378
score_state,leading_big,2264,,,,,,random_forest,full,regression,epa,1.817511295584046,1.3006249932042366
score_state,one_score,12762,,,,,,random_forest,full,regression,epa,1.7532500662005994,1.2027284992774312
score_state,trailing_big,5090,,,,,,random_forest,full,regression,epa,1.7933607312527964,1.2459045415381202
qb_location,0,225,,,,,,random_forest,full,regression,epa,1.884976273652188,1.3559688615215324
qb_location,P,666,,,,,,random_forest,full,regression,epa,1.6893825040696688,1.1776620018968487
qb_location,S,16342,,,,,,random_forest,full,regression,epa,1.7892083119089985,1.2294094528635555
qb_location,U,2883,,,,,,random_forest,full,regression,epa,1.6722990159138078,1.1984270007007043
starting_hash,0,227,,,,,,random_forest,full,regression,epa,1.8811642112699158,1.3541331230850422
starting_hash,L,9159,,,,,,random_forest,full,regression,epa,1.786356842361288,1.2348761895542806
starting_hash,M,2114,,,,,,random_forest,full,regression,epa,1.8012222926108326,1.248881938536701
starting_hash,R,8616,,,,,,random_forest,full,regression,epa,1.7434347595929498,1.2044724410036507
box_bucket,light_box,5752,,,,,,random_forest,full,regression,epa,1.7857222196474027,1.2090206734845919
box_bucket,loaded_box,509,,,,,,random_forest,full,regression,epa,2.017520453483624,1.4717160739416384
box_bucket,standard_box,13855,,,,,,random_forest,full,regression,epa,1.754800553146766,1.2220930937064114
down_bucket,early_down,14162,,,,,,ridge_regression,no_motion,regression,epa,1.4788004737502798,1.0099924425140159
down_bucket,late_down,5954,,,,,,ridge_regression,no_motion,regression,epa,2.112489925046512,1.6341351586120023
distance_bucket,long,13759,,,,,,ridge_regression,no_motion,regression,epa,1.5755424987398372,1.0606704543822512
distance_bucket,medium,4319,,,,,,ridge_regression,no_motion,regression,epa,1.8772627374980628,1.430943505312742
distance_bucket,short,2038,,,,,,ridge_regression,no_motion,regression,epa,2.001654535502422,1.5991874013583045
field_zone,backed_up,11014,,,,,,ridge_regression,no_motion,regression,epa,1.6061662132656402,1.1341862912381213
field_zone,red_zone,2754,,,,,,ridge_regression,no_motion,regression,epa,1.8841499130656902,1.3296839238048888
field_zone,scoring_range,6348,,,,,,ridge_regression,no_motion,regression,epa,1.7459215328776199,1.2412218600195375
pressure_bucket,standard_rush,20115,,,,,,ridge_regression,no_motion,regression,epa,1.6912181244164104,1.1946534884497708
score_state,leading_big,2264,,,,,,ridge_regression,no_motion,regression,epa,1.711141065233247,1.2322531571612259
score_state,one_score,12762,,,,,,ridge_regression,no_motion,regression,epa,1.6818698603938296,1.1859327949912275
score_state,trailing_big,5090,,,,,,ridge_regression,no_motion,regression,epa,1.7058715989079174,1.2000900251018258
qb_location,0,225,,,,,,ridge_regression,no_motion,regression,epa,1.834035310813834,1.3011677587660613
qb_location,P,666,,,,,,ridge_regression,no_motion,regression,epa,1.6519571874246899,1.1428929506459076
qb_location,S,16342,,,,,,ridge_regression,no_motion,regression,epa,1.7054165544720368,1.206070282000503
qb_location,U,2883,,,,,,ridge_regression,no_motion,regression,epa,1.6060550091143853,1.134104650001595
starting_hash,0,227,,,,,,ridge_regression,no_motion,regression,epa,1.83628950278389,1.299602878238174
starting_hash,L,9159,,,,,,ridge_regression,no_motion,regression,epa,1.7075282642985412,1.2029946776377256
starting_hash,M,2114,,,,,,ridge_regression,no_motion,regression,epa,1.701767704396206,1.2020010817653364
starting_hash,R,8616,,,,,,ridge_regression,no_motion,regression,epa,1.6671951175934807,1.1813933742529523
box_bucket,light_box,5752,,,,,,ridge_regression,no_motion,regression,epa,1.7233500924686327,1.197913480491138
box_bucket,loaded_box,509,,,,,,ridge_regression,no_motion,regression,epa,1.9187993186506043,1.38944087668895
box_bucket,standard_box,13855,,,,,,ridge_regression,no_motion,regression,epa,1.6687737059721246,1.1862526134420532
down_bucket,early_down,14162,,,,,,random_forest,no_motion,regression,epa,1.4539658749739752,0.9861151570076243
down_bucket,late_down,5954,,,,,,random_forest,no_motion,regression,epa,2.2148781287160766,1.6282354254848177
distance_bucket,long,13759,,,,,,random_forest,no_motion,regression,epa,1.5661146042705438,1.0315949688345023
distance_bucket,medium,4319,,,,,,random_forest,no_motion,regression,epa,1.9523169570883407,1.4301035679196286
distance_bucket,short,2038,,,,,,random_forest,no_motion,regression,epa,2.0942233130041,1.6141040681255083
field_zone,backed_up,11014,,,,,,random_forest,no_motion,regression,epa,1.6301008142694553,1.1153701786270211
field_zone,red_zone,2754,,,,,,random_forest,no_motion,regression,epa,1.9072188276496254,1.3148744536610328
field_zone,scoring_range,6348,,,,,,random_forest,no_motion,regression,epa,1.7688942290688912,1.2214910497949092
pressure_bucket,standard_rush,20115,,,,,,random_forest,no_motion,regression,epa,1.7146439167498573,1.1760815350244975
score_state,leading_big,2264,,,,,,random_forest,no_motion,regression,epa,1.7467968495108392,1.230482730794014
score_state,one_score,12762,,,,,,random_forest,no_motion,regression,epa,1.697153251566633,1.157105901706501
score_state,trailing_big,5090,,,,,,random_forest,no_motion,regression,epa,1.743934336269138,1.199818891312881
qb_location,0,225,,,,,,random_forest,no_motion,regression,epa,1.9162841742907482,1.3321058891165967
qb_location,P,666,,,,,,random_forest,no_motion,regression,epa,1.623999805872458,1.111646977533425
qb_location,S,16342,,,,,,random_forest,no_motion,regression,epa,1.7352612107969763,1.185577608869721
qb_location,U,2883,,,,,,random_forest,no_motion,regression,epa,1.5974007201184532,1.1255936804166156
starting_hash,0,227,,,,,,random_forest,no_motion,regression,epa,1.9172999922237002,1.3344554316485313
starting_hash,L,9159,,,,,,random_forest,no_motion,regression,epa,1.7344509673958335,1.1868574177455504
starting_hash,M,2114,,,,,,random_forest,no_motion,regression,epa,1.7372767296763052,1.197385154477223
starting_hash,R,8616,,,,,,random_forest,no_motion,regression,epa,1.6821183120090784,1.15543824143431
box_bucket,light_box,5752,,,,,,random_forest,no_motion,regression,epa,1.7534994561821995,1.1761016968501714
box_bucket,loaded_box,509,,,,,,random_forest,no_motion,regression,epa,1.9079775239078598,1.3576548646726885
box_bucket,standard_box,13855,,,,,,random_forest,no_motion,regression,epa,1.6907880980242447,1.1695339798251891
down_bucket,early_down,14162,,,,,,ridge_regression,no_tracking_response,regression,epa,1.5289436615832506,1.0717581543801922
down_bucket,late_down,5954,,,,,,ridge_regression,no_tracking_response,regression,epa,2.1459099689843963,1.6346394280285472
distance_bucket,long,13759,,,,,,ridge_regression,no_tracking_response,regression,epa,1.620287612273464,1.1138999423260125
distance_bucket,medium,4319,,,,,,ridge_regression,no_tracking_response,regression,epa,1.9185556858156514,1.4485043345221333
distance_bucket,short,2038,,,,,,ridge_regression,no_tracking_response,regression,epa,2.0427540455923023,1.6332888172470827
field_zone,backed_up,11014,,,,,,ridge_regression,no_tracking_response,regression,epa,1.6507203840957885,1.1779308335913985
field_zone,red_zone,2754,,,,,,ridge_regression,no_tracking_response,regression,epa,1.9239257393918554,1.3666596249393839
field_zone,scoring_range,6348,,,,,,ridge_regression,no_tracking_response,regression,epa,1.7890528244384358,1.2875506188650803
pressure_bucket,standard_rush,20115,,,,,,ridge_regression,no_tracking_response,regression,epa,1.7345124878068412,1.2382901247821165
score_state,leading_big,2264,,,,,,ridge_regression,no_tracking_response,regression,epa,1.7576199739437701,1.273486608619696
score_state,one_score,12762,,,,,,ridge_regression,no_tracking_response,regression,epa,1.7274858333419316,1.231644844954367
score_state,trailing_big,5090,,,,,,ridge_regression,no_tracking_response,regression,epa,1.74196722095051,1.2395789673068034
qb_location,0,225,,,,,,ridge_regression,no_tracking_response,regression,epa,1.7774865759484586,1.2640274606169493
qb_location,P,666,,,,,,ridge_regression,no_tracking_response,regression,epa,1.6892004049272582,1.1891413359973069
qb_location,S,16342,,,,,,ridge_regression,no_tracking_response,regression,epa,1.7475289545147803,1.2457914634228944
qb_location,U,2883,,,,,,ridge_regression,no_tracking_response,regression,epa,1.66646917872008,1.2056135043858103
starting_hash,0,227,,,,,,ridge_regression,no_tracking_response,regression,epa,1.7784167231110988,1.2675222655593057
starting_hash,L,9159,,,,,,ridge_regression,no_tracking_response,regression,epa,1.7549679402239464,1.2517315521132628
starting_hash,M,2114,,,,,,ridge_regression,no_tracking_response,regression,epa,1.740394432128873,1.2343646138882673
starting_hash,R,8616,,,,,,ridge_regression,no_tracking_response,regression,epa,1.7099882902953085,1.224361478988756
box_bucket,light_box,5752,,,,,,ridge_regression,no_tracking_response,regression,epa,1.7475413350418925,1.2234306151200873
box_bucket,loaded_box,509,,,,,,ridge_regression,no_tracking_response,regression,epa,1.9853892722093767,1.46246732615198
box_bucket,standard_box,13855,,,,,,ridge_regression,no_tracking_response,regression,epa,1.719219000573256,1.2363272009839157
down_bucket,early_down,14162,,,,,,random_forest,no_tracking_response,regression,epa,1.5193057226961213,1.0485017533881114
down_bucket,late_down,5954,,,,,,random_forest,no_tracking_response,regression,epa,2.25986873765429,1.6441867722822188
distance_bucket,long,13759,,,,,,random_forest,no_tracking_response,regression,epa,1.6205250760580523,1.0850964044397897
distance_bucket,medium,4319,,,,,,random_forest,no_tracking_response,regression,epa,2.011040472671374,1.4635254312570716
distance_bucket,short,2038,,,,,,random_forest,no_tracking_response,regression,epa,2.1587313549269616,1.6621992675978428
field_zone,backed_up,11014,,,,,,random_forest,no_tracking_response,regression,epa,1.69005332996413,1.1672283115578181
field_zone,red_zone,2754,,,,,,random_forest,no_tracking_response,regression,epa,1.9454192219654318,1.3504721798510373
field_zone,scoring_range,6348,,,,,,random_forest,no_tracking_response,regression,epa,1.8281176588104355,1.2702137471397594
pressure_bucket,standard_rush,20115,,,,,,random_forest,no_tracking_response,regression,epa,1.7709364474511828,1.2247022690997578
score_state,leading_big,2264,,,,,,random_forest,no_tracking_response,regression,epa,1.8175162316977647,1.300886740412476
score_state,one_score,12762,,,,,,random_forest,no_tracking_response,regression,epa,1.7534685941360064,1.2029001668270736
score_state,trailing_big,5090,,,,,,random_forest,no_tracking_response,regression,epa,1.793876840171081,1.2459234507484878
qb_location,0,225,,,,,,random_forest,no_tracking_response,regression,epa,1.8863226146488368,1.3568101277326237
qb_location,P,666,,,,,,random_forest,no_tracking_response,regression,epa,1.6892955658873579,1.178276393575722
qb_location,S,16342,,,,,,random_forest,no_tracking_response,regression,epa,1.7895587695702715,1.2296152187997658
qb_location,U,2883,,,,,,random_forest,no_tracking_response,regression,epa,1.6720709429022163,1.1980518942642107
starting_hash,0,227,,,,,,random_forest,no_tracking_response,regression,epa,1.8823473591342312,1.3548602585477931
starting_hash,L,9159,,,,,,random_forest,no_tracking_response,regression,epa,1.786713038821477,1.2351690200444398
starting_hash,M,2114,,,,,,random_forest,no_tracking_response,regression,epa,1.8014832073292895,1.2488596952893596
starting_hash,R,8616,,,,,,random_forest,no_tracking_response,regression,epa,1.743587510089126,1.2044816787989414
box_bucket,light_box,5752,,,,,,random_forest,no_tracking_response,regression,epa,1.7862959382079626,1.2095741431655211
box_bucket,loaded_box,509,,,,,,random_forest,no_tracking_response,regression,epa,2.0160847250004084,1.471158280213063
box_bucket,standard_box,13855,,,,,,random_forest,no_tracking_response,regression,epa,1.7550145005303708,1.222091651933182
