task,target,model_name,group_column,group_value,n_obs_full,auroc_full,log_loss_full,brier_score_full,expected_calibration_error_full,rmse_full,mae_full,n_obs_no_tracking_response,auroc_no_tracking_response,log_loss_no_tracking_response,brier_score_no_tracking_response,expected_calibration_error_no_tracking_response,rmse_no_tracking_response,mae_no_tracking_response,improvement_auroc,improvement_log_loss,improvement_brier_score,improvement_expected_calibration_error,improvement_rmse,improvement_mae,candidate_feature_set,baseline_feature_set
classification,completion,logistic_regression,box_bucket,light_box,5752,0.5948783090538847,1.2595344554918755,0.4145470969575904,0.4109514812333378,,,5752,0.5990154830435463,1.263589702821009,0.41526932288592017,0.41204327381874417,,,-0.004137173989661624,0.004055247329133538,0.0007222259283297672,0.0010917925854063704,,,full,no_tracking_response
classification,completion,logistic_regression,box_bucket,loaded_box,509,0.6054396662387678,1.5122659753874268,0.4725883781814294,0.4848076057793027,,,509,0.5992458279845957,1.5087440488009913,0.47149807129734295,0.48354781205967196,,,0.006193838254172079,-0.0035219265864354643,-0.001090306884086456,-0.001259793719630753,,,full,no_tracking_response
classification,completion,logistic_regression,box_bucket,standard_box,13855,0.597109686381764,1.350167445255048,0.43904620226499513,0.43763156794247277,,,13855,0.5999141199955493,1.357004140893623,0.4400459375509492,0.43896839673067245,,,-0.002804433613785351,0.00683669563857503,0.0009997352859540398,0.0013368287881996843,,,full,no_tracking_response
classification,completion,logistic_regression,distance_bucket,long,13759,0.5911315131379109,1.3319651023454355,0.436440501850478,0.43538138288879097,,,13759,0.5936447993118148,1.3353754438195864,0.43695238831256894,0.4362555266810169,,,-0.0025132861739038947,0.0034103414741508686,0.000511886462090938,0.0008741437922259454,,,full,no_tracking_response
classification,completion,logistic_regression,distance_bucket,medium,4319,0.5951618465995789,1.305153628304624,0.41832211328691743,0.41537830497312234,,,4319,0.5993564466913486,1.3182317828689916,0.4202785515581423,0.417928925414097,,,-0.00419460009176964,0.013078154564367672,0.0019564382712248807,0.002550620440974649,,,full,no_tracking_response
classification,completion,logistic_regression,distance_bucket,short,2038,0.5785237683462654,1.3531350145493837,0.439788737158485,0.4364007165496694,,,2038,0.5791888691533451,1.3594392845056116,0.44074933921801107,0.43842465186355384,,,-0.0006651008070797104,0.006304269956227904,0.0009606020595260834,0.0020239353138844507,,,full,no_tracking_response
classification,completion,logistic_regression,down_bucket,early_down,14162,0.5879109215633644,1.3632821134212676,0.44847720458847834,0.4498256300366211,,,14162,0.590483567546312,1.3684602371193335,0.44927862556593606,0.45100490397483844,,,-0.0025726459829475967,0.005178123698065917,0.000801420977457723,0.0011792739382173179,,,full,no_tracking_response
classification,completion,logistic_regression,down_bucket,late_down,5954,0.5679657562996764,1.2452727969765143,0.39581346106716264,0.3864469184233201,,,5954,0.570821541891776,1.2524818920831873,0.3968381311779935,0.3879029979841968,,,-0.0028557855920996467,0.0072090951066730025,0.0010246701108308498,0.001456079560876733,,,full,no_tracking_response
classification,completion,logistic_regression,field_zone,backed_up,11014,0.5825914418932977,1.357719965827813,0.4463136438558517,0.4453591415344224,,,11014,0.5837250066656177,1.357279390367069,0.44624501184754267,0.44542001472138665,,,-0.0011335647723199616,-0.0004405754607439416,-6.863200830903304e-05,6.087318696423871e-05,,,full,no_tracking_response
classification,completion,logistic_regression,field_zone,red_zone,2754,0.6252205339242376,1.2133573755418208,0.3794604961467214,0.375519220158228,,,2754,0.6281233512714994,1.232391276248291,0.38226845203650217,0.3792891193251142,,,-0.0029028173472618324,0.019033900706470153,0.0028079558897807777,0.003769899166886248,,,full,no_tracking_response
classification,completion,logistic_regression,field_zone,scoring_range,6348,0.5796957109493797,1.3272907384373744,0.4327780149274565,0.4306585515487941,,,6348,0.5824331553503014,1.3381112607524583,0.43442789081619404,0.43298616324088385,,,-0.002737444400921718,0.010820522315083902,0.0016498758887375509,0.002327611692089726,,,full,no_tracking_response
classification,completion,logistic_regression,pressure_bucket,standard_rush,20115,0.5940124718071458,1.328417373179913,0.4329110602255168,0.4310727429823729,,,20115,0.5970068469467712,1.3341969151723045,0.43377860214590147,0.43235124141172704,,,-0.002994375139625416,0.0057795419923916125,0.0008675419203846846,0.0012784984293541246,,,full,no_tracking_response
classification,completion,logistic_regression,qb_location,0,225,0.5306472703497875,1.4623198115243785,0.481204435487175,0.4912952668237377,,,225,0.5295031055900621,1.434556589356105,0.47696270960628934,0.48683917491670237,,,0.0011441647597254523,-0.027763222168273538,-0.004241725880885672,-0.004456091907035331,,,full,no_tracking_response
classification,completion,logistic_regression,qb_location,P,666,0.5670066356553312,1.394888431196598,0.463099546755959,0.46227760963140524,,,666,0.5715620274864446,1.3822571093341283,0.4609240057340528,0.4605702453451055,,,-0.00455539183111342,-0.012631321862469846,-0.002175541021906202,-0.0017073642862997507,,,full,no_tracking_response
classification,completion,logistic_regression,qb_location,S,16342,0.5989980036615936,1.3047211874381153,0.42688773672540614,0.4252338642174603,,,16342,0.6020153195280715,1.311566614234383,0.42793251977316504,0.4266892702277787,,,-0.00301731586647791,0.006845426796267651,0.0010447830477589015,0.0014554060103184052,,,full,no_tracking_response
classification,completion,logistic_regression,qb_location,U,2883,0.5923786017277302,1.4364842960758093,0.4561612309695618,0.45433590442618405,,,2883,0.5933418937081245,1.4430908728086576,0.4571255264256688,0.4552220480765632,,,-0.000963291980394354,0.006606576732848257,0.0009642954561069894,0.0008861436503791453,,,full,no_tracking_response
classification,completion,logistic_regression,score_state,leading_big,2264,0.6082511134280713,1.2550418920677415,0.4154681901143184,0.41000663306730223,,,2264,0.6103774070641541,1.2665804349551357,0.41733386163907,0.4142241082599872,,,-0.0021262936360828544,0.011538542887394199,0.0018656715247515887,0.00421747519268495,,,full,no_tracking_response
classification,completion,logistic_regression,score_state,one_score,12762,0.5957125082306951,1.340121016149541,0.4365540018998158,0.4365514387956665,,,12762,0.5990108064779728,1.3471639048551756,0.4376268458434097,0.4379641728114594,,,-0.0032982982472776756,0.007042888705634631,0.0010728439435939152,0.0014127340157928936,,,full,no_tracking_response
classification,completion,logistic_regression,score_state,trailing_big,5090,0.5835807274073851,1.3314570278444697,0.4314509555818565,0.42672682059277717,,,5090,0.5861991638017745,1.3315063271212422,0.4313596186432438,0.4273903311312907,,,-0.0026184363943894118,4.929927677244095e-05,-9.133693861268499e-05,0.0006635105385135454,,,full,no_tracking_response
classification,completion,logistic_regression,starting_hash,0,227,0.529665071770335,1.4367915859525617,0.4728874448565195,0.48123225148282367,,,227,0.5287878787878788,1.4100509816412836,0.4687762002402452,0.4769016403552411,,,0.0008771929824561431,-0.026740604311278116,-0.004111244616274323,-0.004330611127582595,,,full,no_tracking_response
classification,completion,logistic_regression,starting_hash,L,9159,0.5974741993866588,1.3227592654031202,0.43088833553827416,0.42723522689596416,,,9159,0.6004668270284399,1.32942368850155,0.43191847502929404,0.4287267846246276,,,-0.002992627641781098,0.00666442309842985,0.001030139491019877,0.0014915577286634396,,,full,no_tracking_response
classification,completion,logistic_regression,starting_hash,M,2114,0.5850983497863562,1.3568945690691256,0.43925922422461505,0.44024796889040124,,,2114,0.5885157285987918,1.3635057311536318,0.4400577235365222,0.44145279978587443,,,-0.003417378812435534,0.006611162084506184,0.0007984993119071748,0.0012048308954731857,,,full,no_tracking_response
classification,completion,logistic_regression,starting_hash,R,8616,0.5938853402994669,1.324440181362537,0.43240039500784555,0.4315514214902404,,,8616,0.5966945391433571,1.3299311527472442,0.4332431047463456,0.43282512153779684,,,-0.0028091988438901927,0.005490971384707111,0.0008427097385000359,0.0012737000475564475,,,full,no_tracking_response
classification,completion,random_forest,box_bucket,light_box,5752,0.595856951950188,1.0598770612813366,0.370895904531145,0.3589667345720966,,,5752,0.5974451509633458,1.0699860115818383,0.3728515338401456,0.36089783633311134,,,-0.001588199013157876,0.010108950300501629,0.0019556293090005616,0.0019311017610147418,,,full,no_tracking_response
classification,completion,random_forest,box_bucket,loaded_box,509,0.5585847240051347,1.1129821368502786,0.39932565264972175,0.4026822812736611,,,509,0.5525834403080873,1.1283072831643088,0.4026753537142134,0.40497819411352975,,,0.006001283697047444,0.015325146314030258,0.0033497010644916725,0.00229591283986863,,,full,no_tracking_response
classification,completion,random_forest,box_bucket,standard_box,13855,0.5885274662802904,1.1015845986832133,0.38836237726405587,0.37966903249298173,,,13855,0.5880722373621383,1.121007854947411,0.3922950435885593,0.3832234028211319,,,0.0004552289181520841,0.019423256264197608,0.003932666324503453,0.003554370328150147,,,full,no_tracking_response
classification,completion,random_forest,distance_bucket,long,13759,0.5890548907814857,1.0856864545590488,0.3838874256602766,0.37512397636105294,,,13759,0.5893993118586451,1.101575917602238,0.3871603164065587,0.37816476674648486,,,-0.00034442107715948467,0.015889463043189167,0.0032728907462820644,0.003040790385431924,,,full,no_tracking_response
classification,completion,random_forest,distance_bucket,medium,4319,0.5865307042136791,1.0980678948762,0.3794419167597429,0.36893839400527034,,,4319,0.5840802030846876,1.1183781002616215,0.3831884039306656,0.3720184637315281,,,0.002450501128991589,0.02031020538542161,0.0037464871709226855,0.0030800697262577392,,,full,no_tracking_response
classification,completion,random_forest,distance_bucket,short,2038,0.5727004845595338,1.1015015763762013,0.3909195333220179,0.38144029976768024,,,2038,0.5723908182979651,1.115590633330034,0.39397551353982085,0.3829404320752129,,,0.00030966626156869737,0.01408905695383278,0.003055980217802956,0.0015001323075326534,,,full,no_tracking_response
classification,completion,random_forest,down_bucket,early_down,14162,0.5831760932181337,1.1037806568379336,0.39290882847688247,0.3883245080222002,,,14162,0.5839055263947676,1.123081321598942,0.39703502839132887,0.39199390752904184,,,-0.0007294331766338757,0.019300664761008335,0.0041261999144464045,0.003669399506841642,,,full,no_tracking_response
classification,completion,random_forest,down_bucket,late_down,5954,0.5584566639134496,1.0570429487343203,0.3616116741964627,0.3408634284393616,,,5954,0.5611404862813065,1.0674091534366028,0.36312420801655043,0.3423002268468253,,,-0.002683822367856914,0.010366204702282555,0.001512533820087758,0.0014367984074636908,,,full,no_tracking_response
classification,completion,random_forest,field_zone,backed_up,11014,0.5891070489999388,1.1314709715968807,0.39843052799092854,0.39315825845057567,,,11014,0.5899748086093555,1.151373778192572,0.4023955312315259,0.3971279034518318,,,-0.0008677596094166518,0.019902806595691214,0.003965003240597342,0.003969645001256128,,,full,no_tracking_response
classification,completion,random_forest,field_zone,red_zone,2754,0.6179587422180015,0.9333418644618751,0.32623877694347236,0.3003831017652601,,,2754,0.618866729977841,0.9423748063239542,0.32782594851989455,0.3023118324250164,,,-0.0009079877598394681,0.009032941862079147,0.001587171576422186,0.0019287306597562948,,,full,no_tracking_response
classification,completion,random_forest,field_zone,scoring_range,6348,0.5860568587271969,1.0858428801208115,0.38289781191886246,0.37322043021946394,,,6348,0.5841839402649613,1.1001734036573076,0.3859537749528552,0.3757236779337781,,,0.0018729184622355843,0.01433052353649611,0.003055963033992748,0.0025032477143141496,,,full,no_tracking_response
classification,completion,random_forest,pressure_bucket,standard_rush,20115,0.5901049062877601,1.089998324099579,0.3836643025031722,0.37411538227232477,,,20115,0.5898250626896882,1.1066559110472267,0.38701712149918305,0.3772701443230031,,,0.00027984359807198267,0.01665758694764774,0.0033528189960108645,0.003154762050678328,,,full,no_tracking_response
classification,completion,random_forest,qb_location,0,225,0.5036776724419745,1.1063284710477947,0.4062722548608177,0.4054526658240718,,,225,0.5127492644655116,1.082824514721462,0.39957760367598855,0.3986531721808762,,,-0.009071592023537134,-0.023503956326332842,-0.006694651184829148,-0.006799493643195598,,,full,no_tracking_response
classification,completion,random_forest,qb_location,P,666,0.5971993489545713,0.9801606477516958,0.3637664356715391,0.3546370437882113,,,666,0.6107018000057786,0.9843970127283088,0.36481420198126396,0.3577645187840338,,,-0.013502451051207287,0.004236364976613061,0.0010477663097248624,0.003127474995822499,,,full,no_tracking_response
classification,completion,random_forest,qb_location,S,16342,0.5958065921631625,1.0794356433989585,0.379279828728396,0.3694014432947931,,,16342,0.5946059336877895,1.095386866934078,0.38246297827386594,0.3720404532107184,,,0.0012006584753729843,0.015951223535119574,0.0031831495454699432,0.0026390099159253055,,,full,no_tracking_response
classification,completion,random_forest,qb_location,U,2883,0.5541057322867693,1.173613318449115,0.41121750692853704,0.40692759506471593,,,2883,0.5583096424128265,1.2002690497119874,0.416847171803817,0.4113637017637869,,,-0.004203910126057253,0.02665573126287235,0.005629664875279938,0.004436106699070963,,,full,no_tracking_response
classification,completion,random_forest,score_state,leading_big,2264,0.6034619246215632,1.0233261865636913,0.3660826528092212,0.35333647117518685,,,2264,0.6030628925960251,1.0400680735956305,0.3702322176140091,0.35684343227836096,,,0.00039903202553814854,0.01674188703193913,0.0041495648047878975,0.003506961103174111,,,full,no_tracking_response
classification,completion,random_forest,score_state,one_score,12762,0.5987647614674947,1.0744690884672567,0.380467763071556,0.37236255829120835,,,12762,0.5969672188973698,1.0918114802314611,0.384047542013829,0.3757298153357683,,,0.001797542570124877,0.01734239176420438,0.0035797789422730153,0.003367257044559979,,,full,no_tracking_response
classification,completion,random_forest,score_state,trailing_big,5090,0.5551291578468022,1.1583871091362732,0.39942436518193986,0.3878037389485565,,,5090,0.5595417486100894,1.1732847832438764,0.4018528751964515,0.3902610799220763,,,-0.004412590763287261,0.014897674107603232,0.0024285100145116645,0.002457340973519795,,,full,no_tracking_response
classification,completion,random_forest,starting_hash,0,227,0.5143540669856459,1.0896024819798251,0.399631835028767,0.3962649324207627,,,227,0.517224880382775,1.068404026866898,0.39357972231195515,0.38967915193266794,,,-0.002870813397129135,-0.021198455112927173,-0.0060521127168118305,-0.006585780488094772,,,full,no_tracking_response
classification,completion,random_forest,starting_hash,L,9159,0.5895136132945954,1.090079430769805,0.38316664939109324,0.37197791237423455,,,9159,0.5884290834334005,1.1062860152852771,0.3864556116370329,0.37480363775661885,,,0.001084529861194894,0.01620658451547219,0.003288962245939664,0.002825725382384292,,,full,no_tracking_response
classification,completion,random_forest,starting_hash,M,2114,0.5806891852070134,1.0971861240917509,0.3867450619382526,0.37910957343287943,,,2114,0.5742632974804773,1.1190742701911367,0.3911191569466044,0.38306782602753625,,,0.0064258877265360725,0.02188814609938583,0.004374095008351786,0.003958252594656819,,,full,no_tracking_response
classification,completion,random_forest,starting_hash,R,8616,0.5942160419185812,1.0880393039395235,0.38297259839755454,0.3747740042754807,,,8616,0.5961324677290153,1.1048871217229623,0.3863899912807592,0.3781796874581262,,,-0.0019164258104340526,0.0168478177834388,0.0034173928832046396,0.0034056831826455025,,,full,no_tracking_response
classification,explosive,logistic_regression,box_bucket,light_box,5752,0.5747002838537318,0.38007270802095733,0.11126703257001082,0.17457579693973704,,,5752,0.575418266822508,0.3863237068783491,0.11396386036715964,0.18086399115154936,,,-0.0007179829687761208,0.006250998857391776,0.002696827797148818,0.006288194211812315,,,full,no_tracking_response
classification,explosive,logistic_regression,box_bucket,loaded_box,509,0.7007326007326007,0.35988243054715935,0.11586336274204173,0.13344224470665814,,,509,0.7082621082621083,0.368810977751555,0.12039092023746584,0.14394983291828675,,,-0.007529507529507651,0.008928547204395676,0.004527557495424106,0.010507588211628616,,,full,no_tracking_response
classification,explosive,logistic_regression,box_bucket,standard_box,13855,0.6063944367406917,0.3766109196569185,0.11071680457787375,0.16807102916286,,,13855,0.6132370939144953,0.38228455397999606,0.11339169956623844,0.1739134277803477,,,-0.006842657173803612,0.005673634323077548,0.0026748949883646927,0.005842398617487726,,,full,no_tracking_response
classification,explosive,logistic_regression,distance_bucket,long,13759,0.5852502604761225,0.3900457160635916,0.11451879543917527,0.16907690000254866,,,13759,0.5915921236101812,0.3988835343231624,0.11844348484093398,0.1784563785016133,,,-0.006341863134058712,0.008837818259570807,0.003924689401758705,0.009379478499064647,,,full,no_tracking_response
classification,explosive,logistic_regression,distance_bucket,medium,4319,0.6331946887491964,0.3621017331888549,0.10747795859490072,0.17314773450023516,,,4319,0.6356154672023817,0.3634921467461031,0.10832175598914236,0.1741158458055245,,,-0.002420778453185335,0.0013904135572481713,0.0008437973942416327,0.0009681113052893431,,,full,no_tracking_response
classification,explosive,logistic_regression,distance_bucket,short,2038,0.6576509264793783,0.322250379082451,0.0947509032315278,0.1603007857460936,,,2038,0.6579082818622568,0.31808150857892026,0.0933932917956279,0.15477739185579809,,,-0.00025735538287852133,-0.004168870503530764,-0.0013576114358998942,-0.005523393890295519,,,full,no_tracking_response
classification,explosive,logistic_regression,down_bucket,early_down,14162,0.6068851872037,0.3778397949491419,0.11094165907275053,0.16904329853505018,,,14162,0.6155073815550308,0.38590552490166713,0.11457293578641745,0.17753835991154807,,,-0.008622194351330825,0.008065729952525247,0.00363127671366692,0.008495061376497887,,,full,no_tracking_response
classification,explosive,logistic_regression,down_bucket,late_down,5954,0.5893716933108358,0.3756021984316273,0.11115350598195325,0.16887227685838418,,,5954,0.5880374829601244,0.37642210301901924,0.1117331515142362,0.16935369099499914,,,0.0013342103507114622,0.0008199045873919508,0.0005796455322829436,0.0004814141366149549,,,full,no_tracking_response
classification,explosive,logistic_regression,field_zone,backed_up,11014,0.5460398526880571,0.4290413258873802,0.12716000240637598,0.18940188370548766,,,11014,0.5540445413968886,0.4364353829135649,0.1304651266226201,0.1973565134775225,,,-0.008004688708831531,0.007394057026184675,0.0033051242162441263,0.007954629772034844,,,full,no_tracking_response
classification,explosive,logistic_regression,field_zone,red_zone,2754,0.6321545752825374,0.039754279848511424,0.0049866557157328675,0.02143022490444858,,,2754,0.6368276273489544,0.03835707681520376,0.004940424948046227,0.01986800574671839,,,-0.004673052066416994,-0.0013972030333076618,-4.6230767686640355e-05,-0.0015622191577301901,,,full,no_tracking_response
classification,explosive,logistic_regression,field_zone,scoring_range,6348,0.5221408506269428,0.4335787989138705,0.12896821582543935,0.1977684340479206,,,6348,0.5259338786801403,0.4401191789655918,0.1318985925952345,0.2040503406867933,,,-0.003793028053197478,0.006540380051721251,0.0029303767697951566,0.0062819066388727085,,,full,no_tracking_response
classification,explosive,logistic_regression,pressure_bucket,standard_rush,20115,0.6024412718247719,0.3771747024538899,0.1110037286100557,0.1689835918428897,,,20115,0.6079684147098283,0.3830966950687118,0.11373218652902135,0.17510745078390216,,,-0.005527142885056402,0.005921992614821903,0.002728457918965657,0.006123858941012472,,,full,no_tracking_response
classification,explosive,logistic_regression,qb_location,0,225,0.6098673300165838,0.6227987066090365,0.21979105345655506,0.33398329977435903,,,225,0.6214759535655058,0.5721793663488042,0.19498817926518194,0.29878580908494734,,,-0.011608623548922004,-0.05061934026023229,-0.024802874191373114,-0.03519749068941169,,,full,no_tracking_response
classification,explosive,logistic_regression,qb_location,P,666,0.5949090526204953,0.4001241655323666,0.12037590527103934,0.1676638215665118,,,666,0.6053067993366501,0.4167264685792977,0.12780951463496373,0.18409651191468943,,,-0.010397746716154788,0.016602303046931055,0.007433609363924398,0.016432690348177625,,,full,no_tracking_response
classification,explosive,logistic_regression,qb_location,S,16342,0.5862396956758139,0.36096868753679895,0.1038624950540728,0.1647995230263693,,,16342,0.5904012931710487,0.36554412544276743,0.10599744488293941,0.16929003599030423,,,-0.0041615974952348145,0.004575437905968482,0.0021349498288666113,0.004490512963934934,,,full,no_tracking_response
classification,explosive,logistic_regression,qb_location,U,2883,0.6128630606891476,0.44458549100717965,0.1408322984019936,0.18019166748482304,,,2883,0.6173521347434392,0.4600794178094526,0.14798382912398836,0.19641251374218538,,,-0.004489074054291553,0.015493926802272961,0.007151530721994759,0.016220846257362337,,,full,no_tracking_response
classification,explosive,logistic_regression,score_state,leading_big,2264,0.6050060845586184,0.39822886316736983,0.1200049461264107,0.16036539762329258,,,2264,0.6126692791193579,0.4083159664404858,0.1246056466907467,0.17234306971979532,,,-0.007663194560739495,0.01008710327311596,0.004600700564335994,0.011977672096502745,,,full,no_tracking_response
classification,explosive,logistic_regression,score_state,one_score,12762,0.6005660750937927,0.37999553605168784,0.11211266248657425,0.17085534713907607,,,12762,0.6064736521268115,0.38509964487474363,0.11448113236602497,0.17619122340907628,,,-0.005907577033018807,0.005104108823055786,0.0023684698794507186,0.005335876270000206,,,full,no_tracking_response
classification,explosive,logistic_regression,score_state,trailing_big,5090,0.5999501259263941,0.36074842597821044,0.10422215200805263,0.16815982904915058,,,5090,0.601734083174609,0.366864878019629,0.10701880262474359,0.17365285388198815,,,-0.0017839572482148958,0.006116452041418585,0.00279665061669096,0.005493024832837562,,,full,no_tracking_response
classification,explosive,logistic_regression,starting_hash,0,227,0.6209900990099011,0.6185379627995301,0.217770860810462,0.3289843228775555,,,227,0.6334653465346535,0.5694740418210708,0.19365814789156774,0.2941275163905852,,,-0.012475247524752375,-0.04906392097845935,-0.024112712918894275,-0.034856806486970315,,,full,no_tracking_response
classification,explosive,logistic_regression,starting_hash,L,9159,0.6115192622985449,0.37250736143743,0.10877809718099965,0.16319134257873286,,,9159,0.6178609574459096,0.37965872052730176,0.11205995895407707,0.17093599758708128,,,-0.006341695147364712,0.007151359089871745,0.0032818617730774186,0.007744655008348422,,,full,no_tracking_response
classification,explosive,logistic_regression,starting_hash,M,2114,0.5697250472095192,0.39455369640611054,0.11908161066004769,0.17601587668759894,,,2114,0.5706578618069301,0.3968829287897426,0.120456311242187,0.17830989743519013,,,-0.0009328145974109026,0.0023292323836320294,0.0013747005821393155,0.002294020747591191,,,full,no_tracking_response
classification,explosive,logistic_regression,starting_hash,R,8616,0.5999514303700285,0.3715196274800632,0.10857621262589959,0.16925090810518573,,,8616,0.6055503158326588,0.37846284874282665,0.11175474641657904,0.17567227492964746,,,-0.005598885462630321,0.006943221262763477,0.0031785337906794497,0.006421366824461733,,,full,no_tracking_response
classification,explosive,random_forest,box_bucket,light_box,5752,0.5800884955752211,0.2982269668745995,0.07412379341195666,0.044605023403642745,,,5752,0.5720975955919185,0.29929876681434575,0.07419077160700892,0.04513660906161628,,,0.007990899983302602,0.0010717999397462652,6.697819505226132e-05,0.0005315856579735379,,,full,no_tracking_response
classification,explosive,random_forest,box_bucket,loaded_box,509,0.7491249491249492,0.35065574771009,0.09616018213420542,0.0738996548616507,,,509,0.7352462352462352,0.3499683052270678,0.09595155464390527,0.07199119461938236,,,0.013878713878713977,-0.0006874424830222159,-0.0002086274903001506,-0.001908460242268345,,,full,no_tracking_response
classification,explosive,random_forest,box_bucket,standard_box,13855,0.583730502031721,0.3246423467686241,0.07826087871313225,0.05592365258965045,,,13855,0.5811357631199509,0.324170587411158,0.07822914935805786,0.05511961472151329,,,0.0025947389117702002,-0.0004717593574660728,-3.172935507439467e-05,-0.0008040378681371599,,,full,no_tracking_response
classification,explosive,random_forest,distance_bucket,long,13759,0.5649794342126029,0.33906478041270827,0.08277584952989596,0.05741441741950111,,,13759,0.5632264295776319,0.33833630043869983,0.08274909639553588,0.05696224785379285,,,0.0017530046349709671,-0.0007284799740084336,-2.6753134360082975e-05,-0.0004521695657082603,,,full,no_tracking_response
classification,explosive,random_forest,distance_bucket,medium,4319,0.6392277716734338,0.2853782505368225,0.06968871540860073,0.04780973849274776,,,4319,0.6262113716853805,0.2874158740429427,0.06977066507029384,0.04720831872125017,,,0.013016399988053262,0.0020376235061202452,8.194966169310092e-05,-0.0006014197714975869,,,full,no_tracking_response
classification,explosive,random_forest,distance_bucket,short,2038,0.6385734210001993,0.24242592039226155,0.05873974065296733,0.03518537217721134,,,2038,0.6319278408713556,0.2426720043821137,0.05866791178036171,0.03443860710061992,,,0.006645580128843753,0.00024608398985215274,-7.182887260562265e-05,-0.0007467650765914241,,,full,no_tracking_response
classification,explosive,random_forest,down_bucket,early_down,14162,0.5868919329265458,0.3181734530840631,0.07801295668912381,0.05290405015271156,,,14162,0.5860603560858059,0.3172404335360799,0.07796763900050482,0.052519806101715354,,,0.0008315768407399782,-0.0009330195479831938,-4.531768861898433e-05,-0.0003842440509962061,,,full,no_tracking_response
classification,explosive,random_forest,down_bucket,late_down,5954,0.5901106757800212,0.31673371866810823,0.07638404003207278,0.0531815485951653,,,5954,0.5774698048636333,0.3188318513470483,0.07646486738797534,0.0527302553346839,,,0.01264087091638788,0.0020981326789400456,8.082735590256296e-05,-0.0004512932604813988,,,full,no_tracking_response
classification,explosive,random_forest,field_zone,backed_up,11014,0.5347068644947295,0.3714388913032161,0.09045777449457325,0.06420861343070021,,,11014,0.5311344648844875,0.3718030528933992,0.09047017568171122,0.0640613661750716,,,0.0035723996102420275,0.00036416159018309857,1.2401187137967007e-05,-0.00014724725562860475,,,full,no_tracking_response
classification,explosive,random_forest,field_zone,red_zone,2754,0.9391177542836311,0.022590011094242305,0.003935088686119522,0.003605896486251199,,,2754,0.941967984622013,0.023706916304909793,0.003931487474152344,0.005436134893942601,,,-0.0028502303383819427,0.0011169052106674883,-3.6012119671779627e-06,0.001830238407691402,,,full,no_tracking_response
classification,explosive,random_forest,field_zone,scoring_range,6348,0.5138694471114998,0.35264085761802977,0.08703070328568518,0.058094225482596774,,,6348,0.5138079530006749,0.35141086808233574,0.08698545880450093,0.0576284106745374,,,6.149411082490008e-05,-0.0012299895356940316,-4.5244481184258944e-05,-0.0004658148080593713,,,full,no_tracking_response
classification,explosive,random_forest,pressure_bucket,standard_rush,20115,0.58792846335987,0.31776238027325493,0.07753466832421156,0.05298417153211572,,,20115,0.5835818806950295,0.3177262213255061,0.07752667637700086,0.05248280598254715,,,0.004346582664840559,-3.6158947748832215e-05,-7.991947210697625e-06,-0.0005013655495685748,,,full,no_tracking_response
classification,explosive,random_forest,qb_location,0,225,0.49834162520729686,0.3459525352565086,0.09630707898283125,0.03752472376358583,,,225,0.5259121061359868,0.35276822622792364,0.09688422760013464,0.04505212145809785,,,-0.027570480928689967,0.006815690971415045,0.0005771486173033885,0.0075273976945120225,,,full,no_tracking_response
classification,explosive,random_forest,qb_location,P,666,0.5420516465292584,0.3625069288144446,0.08964186328812865,0.06425332361601813,,,666,0.5441838426913055,0.3596505640137386,0.08969251008647344,0.064462815255022,,,-0.002132196162047073,-0.002856364800705946,5.0646798344794464e-05,0.0002094916390038698,,,full,no_tracking_response
classification,explosive,random_forest,qb_location,S,16342,0.5775787144493312,0.2995635788355619,0.07163785356653578,0.04852356624296578,,,16342,0.5734011267545274,0.29940379710241255,0.07160379595514037,0.047683154294251386,,,0.004177587694803808,-0.00015978173314934452,-3.4057611395410525e-05,-0.000840411948714391,,,full,no_tracking_response
classification,explosive,random_forest,qb_location,U,2883,0.5856864769908248,0.40827889808273726,0.10667141528857933,0.07772585574288243,,,2883,0.5813612031003335,0.40906239468478295,0.10675203868422793,0.07845278648462345,,,0.00432527389049131,0.0007834966020456857,8.06233956485991e-05,0.0007269307417410165,,,full,no_tracking_response
classification,explosive,random_forest,score_state,leading_big,2264,0.5902111174375635,0.3682232861695123,0.09124021563527028,0.06877376683374031,,,2264,0.5873441180739302,0.3701392413438753,0.09133263448714861,0.06860788348133927,,,0.002866999363633327,0.0019159551743630487,9.241885187832866e-05,-0.00016588335240104446,,,full,no_tracking_response
classification,explosive,random_forest,score_state,one_score,12762,0.5850570604572003,0.31864652157045364,0.07801382822430432,0.05298765664110862,,,12762,0.5798005908389496,0.31872411509000875,0.07802284862966494,0.052351743665140345,,,0.005256469618250659,7.759351955510807e-05,9.020405360618544e-06,-0.0006359129759682738,,,full,no_tracking_response
classification,explosive,random_forest,score_state,trailing_big,5090,0.590630895747389,0.2930413704040302,0.07022195343526696,0.04683364018651911,,,5090,0.5898906832522409,0.29185293977938354,0.07012668865667311,0.04590644069605328,,,0.000740212495148107,-0.0011884306246466858,-9.526477859385374e-05,-0.0009271994904658312,,,full,no_tracking_response
classification,explosive,random_forest,starting_hash,0,227,0.4912871287128713,0.3565067583549152,0.09945596700467517,0.04156747052464411,,,227,0.5188118811881188,0.363957309835434,0.10008933852378663,0.04912360188047039,,,-0.02752475247524755,0.007450551480518819,0.0006333715191114558,0.007556131355826279,,,full,no_tracking_response
classification,explosive,random_forest,starting_hash,L,9159,0.5967130025013777,0.32325524777492265,0.07876198271959077,0.05552905793951164,,,9159,0.592236152841597,0.3236064933357767,0.07875898586975558,0.055075678786647514,,,0.0044768496597806795,0.0003512455608540299,-2.996849835193438e-06,-0.0004533791528641279,,,full,no_tracking_response
classification,explosive,random_forest,starting_hash,M,2114,0.5665853297840876,0.3386016495047046,0.08169366741943718,0.05812580468403907,,,2114,0.574750301458376,0.33537932059221714,0.08155083365196905,0.05729345303309222,,,-0.008164971674288424,-0.003222328912487471,-0.0001428337674681257,-0.000832351650946854,,,full,no_tracking_response
classification,explosive,random_forest,starting_hash,R,8616,0.5839098886577465,0.3057543254359786,0.07462304431509391,0.04942900918285588,,,8616,0.5770636890176152,0.30589157348320783,0.07462595522132093,0.048970596127322616,,,0.006846199640131334,0.00013724804722925477,2.910906227018839e-06,-0.0004584130555332633,,,full,no_tracking_response
classification,success,logistic_regression,box_bucket,light_box,5752,0.5710335020522534,0.7559925347456238,0.2732368343674802,0.1777787174105816,,,5752,0.57138598646302,0.7555786758188531,0.27310923786386887,0.17593628467693526,,,-0.00035248441076651815,-0.0004138589267707049,-0.0001275965036113269,-0.001842432733646343,,,full,no_tracking_response
classification,success,logistic_regression,box_bucket,loaded_box,509,0.5705019305019305,0.8330025630715445,0.3080789629006354,0.24921716603497288,,,509,0.5656833976833977,0.8368664241614583,0.309486118718243,0.2500902752225774,,,0.004818532818532839,0.003863861089913767,0.001407155817607586,0.0008731091876044983,,,full,no_tracking_response
classification,success,logistic_regression,box_bucket,standard_box,13855,0.5605578023745478,0.7878519780624124,0.2886088153268577,0.20145569549856723,,,13855,0.5607574901651357,0.7890965769937273,0.2890724840739738,0.20252622745132653,,,-0.0001996877905878769,0.0012445989313148997,0.0004636687471160639,0.0010705319527593016,,,full,no_tracking_response
classification,success,logistic_regression,distance_bucket,long,13759,0.5572542110231516,0.7791261833125274,0.28305521741394346,0.19284307955448635,,,13759,0.5575251590458463,0.7790752111585294,0.2830385970901188,0.19242796910145357,,,-0.00027094802269467255,-5.097215399796351e-05,-1.6620323824656502e-05,-0.0004151104530327743,,,full,no_tracking_response
classification,success,logistic_regression,distance_bucket,medium,4319,0.5630049299228248,0.7759956699066425,0.2849567275676618,0.1952697631998622,,,4319,0.562419017628991,0.7786995009884947,0.285963017884717,0.19764227611489557,,,0.0005859122938337569,0.002703831081852237,0.0010062903170551807,0.0023725129150333757,,,full,no_tracking_response
classification,success,logistic_regression,distance_bucket,short,2038,0.5494419859477504,0.7932453709475543,0.29531931157438823,0.21624653327368346,,,2038,0.549782617134428,0.7961175919316991,0.2964424464467267,0.21838985468733504,,,-0.00034063118667759795,0.0028722209841447466,0.0011231348723384493,0.002143321413651589,,,full,no_tracking_response
classification,success,logistic_regression,down_bucket,early_down,14162,0.5403334954342982,0.7963309306787008,0.2929838565467686,0.2054378539741572,,,14162,0.5407363373737119,0.796798635045556,0.2931659915363852,0.20538183419816428,,,-0.0004028419394136451,0.0004677043668552816,0.00018213498961655583,-5.601977599292707e-05,,,full,no_tracking_response
classification,success,logistic_regression,down_bucket,late_down,5954,0.593981080585791,0.7407655156605989,0.26501649703333,0.17278440945562049,,,5954,0.5925315328449203,0.7424797376454739,0.2656592652548168,0.1737305290306879,,,0.0014495477408706936,0.0017142219848750306,0.0006427682214867891,0.0009461195750674056,,,full,no_tracking_response
classification,success,logistic_regression,field_zone,backed_up,11014,0.5759212410267491,0.7772818237762735,0.2841096285001593,0.19747026222518616,,,11014,0.5759284772181956,0.7766744894491349,0.28391424603940074,0.19663931642830157,,,-7.236191446491347e-06,-0.0006073343271386644,-0.00019538246075856414,-0.0008309457968845857,,,full,no_tracking_response
classification,success,logistic_regression,field_zone,red_zone,2754,0.5562170842788797,0.7677143957334905,0.27668149165967293,0.18915564093700818,,,2754,0.5560620751815801,0.7731765976743795,0.2785219137826183,0.19516419351826103,,,0.00015500909729959655,0.005462201940888978,0.0018404221229453843,0.006008552581252852,,,full,no_tracking_response
classification,success,logistic_regression,field_zone,scoring_range,6348,0.5429505483590058,0.7896800673587048,0.2892220106207135,0.1981592026379922,,,6348,0.5423646230146975,0.7910153513970235,0.28977176764810586,0.1987691423372853,,,0.0005859253443083468,0.0013352840383187292,0.0005497570273923502,0.0006099396992930994,,,full,no_tracking_response
classification,success,logistic_regression,pressure_bucket,standard_rush,20115,0.5645758234884587,0.7798600069561578,0.28469437710000617,0.19562740897459874,,,20115,0.5645447256059466,0.7806900209512447,0.2850102848464671,0.19590513019500047,,,3.1097882512098884e-05,0.0008300139950869756,0.00031590774646095277,0.0002777212204017332,,,full,no_tracking_response
classification,success,logistic_regression,qb_location,0,225,0.5885745891276866,0.7822336042164567,0.2873553995037955,0.21177416875257418,,,225,0.588811630847029,0.779673540079325,0.28635285195083193,0.20476117105740088,,,-0.00023704171934246787,-0.0025600641371317234,-0.0010025475529635841,-0.007012997695173301,,,full,no_tracking_response
classification,success,logistic_regression,qb_location,P,666,0.5322756667538535,0.812879515025693,0.300625964992327,0.22759937173015193,,,666,0.5354414510295563,0.8040403435244365,0.2972583256562244,0.2163186301300488,,,-0.0031657842757027987,-0.00883917150125646,-0.0033676393361026236,-0.011280741600103145,,,full,no_tracking_response
classification,success,logistic_regression,qb_location,S,16342,0.563549431936021,0.7745622230124611,0.2819119964222193,0.19025972308378156,,,16342,0.5636524489551654,0.7747706669853729,0.281985993805369,0.19000945906594255,,,-0.00010301701914439132,0.00020844397291175376,7.399738314967097e-05,-0.0002502640178390081,,,full,no_tracking_response
classification,success,logistic_regression,qb_location,U,2883,0.5641921515066639,0.8022477815086759,0.2966589998774306,0.22048210909468743,,,2883,0.564106488178942,0.8091456719653944,0.2993178945966508,0.22692646315787277,,,8.566332772186325e-05,0.006897890456718514,0.002658894719220206,0.006444354063185331,,,full,no_tracking_response
classification,success,logistic_regression,score_state,leading_big,2264,0.560496228677674,0.8091670844570965,0.297177025249702,0.22095351236353117,,,2264,0.560371234048537,0.811496323715175,0.2980385330091479,0.22270540617861187,,,0.00012499462913706516,0.002329239258078486,0.0008615077594458787,0.0017518938150807017,,,full,no_tracking_response
classification,success,logistic_regression,score_state,one_score,12762,0.5659547896499282,0.7782284350912531,0.28419777843964455,0.1940440852409915,,,12762,0.5661920951766026,0.7792875027599172,0.28460478511035364,0.1947678106806218,,,-0.00023730552667444726,0.0010590676686641487,0.0004070066707090869,0.000723725439630285,,,full,no_tracking_response
classification,success,logistic_regression,score_state,trailing_big,5090,0.5620823910603059,0.77101197498419,0.2804331564125177,0.18990218791101351,,,5090,0.5616201193177338,0.7706270806175043,0.28028812006963116,0.18885365049413064,,,0.0004622717425720735,-0.0003848943666857618,-0.00014503634288653977,-0.0010485374168828776,,,full,no_tracking_response
classification,success,logistic_regression,starting_hash,0,227,0.5780934637478652,0.7825603876359652,0.28725977993482205,0.20442183453835122,,,227,0.5846141903431145,0.7791984876813969,0.2859663313585426,0.20263602748299053,,,-0.006520726595249271,-0.0033618999545683703,-0.0012934485762794434,-0.0017858070553606886,,,full,no_tracking_response
classification,success,logistic_regression,starting_hash,L,9159,0.5609121403353063,0.783183814202281,0.2863793311513529,0.19800521958417802,,,9159,0.5602877547878836,0.7848031289025222,0.2869979704197031,0.19917670922671057,,,0.0006243855474227233,0.0016193147002412367,0.0006186392683502073,0.0011714896425325527,,,full,no_tracking_response
classification,success,logistic_regression,starting_hash,M,2114,0.5519096050099734,0.7728078704615565,0.28144595173738896,0.18534748275168364,,,2114,0.551055509009583,0.7735681556006524,0.281718094949335,0.1861273915515224,,,0.0008540960003904363,0.0007602851390958731,0.00027214321194601876,0.0007799087998387466,,,full,no_tracking_response
classification,success,logistic_regression,starting_hash,R,8616,0.5704949187260692,0.7780430501493942,0.283659771787198,0.19559616226483603,,,8616,0.5712572496804701,0.7781770696604758,0.28371300098074775,0.19535692736209728,,,-0.0007623309544009249,0.0001340195110816067,5.322919354977529e-05,-0.0002392349027387497,,,full,no_tracking_response
classification,success,random_forest,box_bucket,light_box,5752,0.5555521844660194,0.7932163748934504,0.28677425799348466,0.20827332251621336,,,5752,0.5547410263240982,0.7952221239996458,0.28730653770857856,0.21000332430183472,,,0.000811158141921231,0.0020057491061953314,0.0005322797150938974,0.0017300017856213545,,,full,no_tracking_response
classification,success,random_forest,box_bucket,loaded_box,509,0.533003861003861,0.8650339332094259,0.31972183103205576,0.2622059873678094,,,509,0.5387027027027027,0.8601813945064992,0.3175735253270239,0.260980274833237,,,-0.005698841698841717,-0.004852538702926679,-0.0021483057050318832,-0.0012257125345724318,,,full,no_tracking_response
classification,success,random_forest,box_bucket,standard_box,13855,0.5405968082516301,0.8331008518032333,0.3045064888217285,0.232753489172568,,,13855,0.5409862852449893,0.831667419953636,0.3039317563290602,0.23193610465946232,,,-0.0003894769933591169,-0.001433431849597322,-0.0005747324926682618,-0.0008173845131056734,,,full,no_tracking_response
classification,success,random_forest,distance_bucket,long,13759,0.5405855915586315,0.8177560519074037,0.29625405943058364,0.22085174909992622,,,13759,0.5406912269902643,0.8179628245253027,0.29621920200709795,0.22046518715537727,,,-0.00010563543163277789,0.00020677261789892043,-3.485742348569021e-05,-0.00038656194454894655,,,full,no_tracking_response
classification,success,random_forest,distance_bucket,medium,4319,0.5312718856739712,0.8287380980043894,0.3040967146476417,0.23090676128970852,,,4319,0.5337372772715931,0.8273558584147128,0.3035027531222099,0.23219587717373857,,,-0.0024653915976219354,-0.0013822395896765372,-0.0005939615254317854,0.001289115884030051,,,full,no_tracking_response
classification,success,random_forest,distance_bucket,short,2038,0.5339922751445985,0.841349263321686,0.3148420178264589,0.2556661403724403,,,2038,0.5365261441714219,0.837586670937495,0.3133946133855953,0.25417477560579765,,,-0.0025338690268233988,-0.003762592384191077,-0.0014474044408635534,-0.0014913647666426333,,,full,no_tracking_response
classification,success,random_forest,down_bucket,early_down,14162,0.5209034734300111,0.848592523240704,0.31156396101837036,0.24182847272175623,,,14162,0.5208323778006164,0.8472853270921107,0.3110857626727835,0.24119280497469286,,,7.109562939466851e-05,-0.0013071961485933148,-0.0004781983455868777,-0.000635667747063362,,,full,no_tracking_response
classification,success,random_forest,down_bucket,late_down,5954,0.5862163572077207,0.7604514356717622,0.2718899110945126,0.19046056591174912,,,5954,0.5859142461186629,0.761747948980337,0.27202049752407953,0.1911550379365441,,,0.00030211108905775497,0.0012965133085748315,0.00013058642956692568,0.0006944720247949732,,,full,no_tracking_response
classification,success,random_forest,field_zone,backed_up,11014,0.5544081766307862,0.8347249057859186,0.30432110583612515,0.2380791652962581,,,11014,0.5548154613511862,0.8340279956084511,0.3039687117481312,0.23724932272699512,,,-0.00040728472039996966,-0.0006969101774675357,-0.0003523940879939236,-0.0008298425692629952,,,full,no_tracking_response
classification,success,random_forest,field_zone,red_zone,2754,0.5491538725445828,0.7630494279050959,0.27521655002336226,0.17817294826545474,,,2754,0.5443800259396343,0.763583045598439,0.27532289788090003,0.17877419326391297,,,0.004773846604948506,0.0005336176933431469,0.00010634785753776965,0.0006012449984582335,,,full,no_tracking_response
classification,success,random_forest,field_zone,scoring_range,6348,0.5352376238954775,0.8270946637283836,0.302687824221088,0.22786862876349015,,,6348,0.5381933404267079,0.8263720918868649,0.30230875256339196,0.22788672581531738,,,-0.00295571653123039,-0.0007225718415186932,-0.00037907165769601736,1.8097051827231647e-05,,,full,no_tracking_response
classification,success,random_forest,pressure_bucket,standard_rush,20115,0.5460161531343778,0.8224755934614827,0.2998078176009839,0.22641131127134215,,,20115,0.5464876997966759,0.8219391112915023,0.2995098266223314,0.22622348427553143,,,-0.0004715466622980946,-0.0005364821699803679,-0.0002979909786525181,-0.00018782699581071371,,,full,no_tracking_response
classification,success,random_forest,qb_location,0,225,0.5852560050568899,0.8151149348910623,0.3030143708815869,0.23848856114729483,,,225,0.5523862199747156,0.8301740613652135,0.30847549618325665,0.2493142460360798,,,0.03286978508217431,0.015059126474151197,0.005461125301669756,0.010825684888784964,,,full,no_tracking_response
classification,success,random_forest,qb_location,P,666,0.5347830400548375,0.8018600082629763,0.2970097413904766,0.21742190451928872,,,666,0.5430627835451372,0.8010913498739896,0.296482578342913,0.21567993571656385,,,-0.008279743490299696,-0.0007686583889867649,-0.0005271630475636169,-0.0017419688027248692,,,full,no_tracking_response
classification,success,random_forest,qb_location,S,16342,0.5490057699222165,0.8154728639203545,0.29631130522357624,0.22146790010532,,,16342,0.5496853218480033,0.815177144974521,0.2961201461656329,0.2213268205120712,,,-0.0006795519257868365,-0.00029571894583346747,-0.00019115905794331312,-0.0001410795932487996,,,full,no_tracking_response
classification,success,random_forest,qb_location,U,2883,0.5121829614678652,0.8677065536193055,0.32011629393714575,0.257882822806312,,,2883,0.5125145459218,0.8646414098198153,0.3188160946146172,0.2563425958888475,,,-0.00033158445393477454,-0.0030651437994901887,-0.0013001993225285613,-0.0015402269174644712,,,full,no_tracking_response
classification,success,random_forest,score_state,leading_big,2264,0.5520645597259493,0.8495880951437327,0.3123214749550311,0.2532827443513501,,,2264,0.5541425954353524,0.848881007619189,0.31192127293890126,0.2529015122852183,,,-0.0020780357094031254,-0.0007070875245436259,-0.00040020201612983586,-0.00038123206613183136,,,full,no_tracking_response
classification,success,random_forest,score_state,one_score,12762,0.550177372095857,0.8135239269209038,0.29701798330087514,0.21999749479504896,,,12762,0.5499002560140149,0.8134495502664448,0.2968381063052002,0.22060681167827334,,,0.00027711608184211034,-7.437665445897412e-05,-0.00017987699567495463,0.0006093168832243812,,,full,no_tracking_response
classification,success,random_forest,score_state,trailing_big,5090,0.5299173511312909,0.8329735480067855,0.30128919929566383,0.23071755251437753,,,5090,0.5325594179537272,0.8313540920937493,0.3007404594557349,0.22928194517524683,,,-0.002642066822436284,-0.0016194559130361386,-0.0005487398399289245,-0.0014356073391307012,,,full,no_tracking_response
classification,success,random_forest,starting_hash,0,227,0.5865548827821768,0.8158803540125105,0.30329782055459037,0.23928334193908904,,,227,0.5535631113181183,0.8307437785343441,0.30868682127487757,0.24982754775893962,,,0.03299177146405852,0.014863424521833646,0.005389000720287196,0.010544205819850577,,,full,no_tracking_response
classification,success,random_forest,starting_hash,L,9159,0.543185627347204,0.8259945763319585,0.3013354816084029,0.22832899930308093,,,9159,0.5470092450520372,0.8230943441861187,0.3002940459470881,0.22744345060191476,,,-0.003823617704833193,-0.0029002321458397873,-0.0010414356613148157,-0.0008855487011661667,,,full,no_tracking_response
classification,success,random_forest,starting_hash,M,2114,0.5279894941672926,0.8206056797315802,0.29818297895292406,0.21945479826325684,,,2114,0.5256856944794669,0.8188627413791897,0.2974649200137366,0.21760508840745374,,,0.0023037996878256806,-0.0017429383523904773,-0.0007180589391874714,-0.0018497098558031,,,full,no_tracking_response
classification,success,random_forest,starting_hash,R,8616,0.5523396010317729,0.8194342606994791,0.2985216165012944,0.22623910386005652,,,8616,0.5503929005397369,0.8213006405645119,0.2989671189719722,0.22708250383694764,,,0.0019467004920360464,0.0018663798650327967,0.00044550247067781656,0.0008433999768911182,,,full,no_tracking_response
regression,epa,random_forest,box_bucket,light_box,5752,,,,,1.7857222196474027,1.2090206734845919,5752,,,,,1.7862959382079626,1.2095741431655211,,,,,0.0005737185605598771,0.0005534696809292861,full,no_tracking_response
regression,epa,random_forest,box_bucket,loaded_box,509,,,,,2.017520453483624,1.4717160739416384,509,,,,,2.0160847250004084,1.471158280213063,,,,,-0.0014357284832158257,-0.0005577937285754508,full,no_tracking_response
regression,epa,random_forest,box_bucket,standard_box,13855,,,,,1.754800553146766,1.2220930937064114,13855,,,,,1.7550145005303708,1.222091651933182,,,,,0.00021394738360469567,-1.4417732294713659e-06,full,no_tracking_response
regression,epa,random_forest,distance_bucket,long,13759,,,,,1.620375365872919,1.0851675494260542,13759,,,,,1.6205250760580523,1.0850964044397897,,,,,0.00014971018513332268,-7.114498626448196e-05,full,no_tracking_response
regression,epa,random_forest,distance_bucket,medium,4319,,,,,2.0106300676496844,1.463139793204378,4319,,,,,2.011040472671374,1.4635254312570716,,,,,0.0004104050216895416,0.0003856380526936487,full,no_tracking_response
regression,epa,random_forest,distance_bucket,short,2038,,,,,2.1581130564637423,1.6611232234637945,2038,,,,,2.1587313549269616,1.6621992675978428,,,,,0.0006182984632192579,0.0010760441340482707,full,no_tracking_response
regression,epa,random_forest,down_bucket,early_down,14162,,,,,1.5192198698891983,1.0484937755604076,14162,,,,,1.5193057226961213,1.0485017533881114,,,,,8.585280692297026e-05,7.977827703786744e-06,full,no_tracking_response
regression,epa,random_forest,down_bucket,late_down,5954,,,,,2.2592908370036753,1.6437220959582648,5954,,,,,2.25986873765429,1.6441867722822188,,,,,0.0005779006506148043,0.00046467632395397196,full,no_tracking_response
regression,epa,random_forest,field_zone,backed_up,11014,,,,,1.6899819641152263,1.1672801859193178,11014,,,,,1.69005332996413,1.1672283115578181,,,,,7.136584890377051e-05,-5.187436149967084e-05,full,no_tracking_response
regression,epa,random_forest,field_zone,red_zone,2754,,,,,1.9443127931454898,1.3493793200633764,2754,,,,,1.9454192219654318,1.3504721798510373,,,,,0.0011064288199420513,0.001092859787660938,full,no_tracking_response
regression,epa,random_forest,field_zone,scoring_range,6348,,,,,1.8279136475946356,1.2701442334045518,6348,,,,,1.8281176588104355,1.2702137471397594,,,,,0.00020401121579993742,6.951373520758253e-05,full,no_tracking_response
regression,epa,random_forest,pressure_bucket,standard_rush,20115,,,,,1.7706666023653923,1.2245592547415378,20115,,,,,1.7709364474511828,1.2247022690997578,,,,,0.0002698450857905321,0.00014301435821995057,full,no_tracking_response
regression,epa,random_forest,qb_location,0,225,,,,,1.884976273652188,1.3559688615215324,225,,,,,1.8863226146488368,1.3568101277326237,,,,,0.001346340996648765,0.0008412662110912628,full,no_tracking_response
regression,epa,random_forest,qb_location,P,666,,,,,1.6893825040696688,1.1776620018968487,666,,,,,1.6892955658873579,1.178276393575722,,,,,-8.69381823109805e-05,0.0006143916788732273,full,no_tracking_response
regression,epa,random_forest,qb_location,S,16342,,,,,1.7892083119089985,1.2294094528635555,16342,,,,,1.7895587695702715,1.2296152187997658,,,,,0.0003504576612729515,0.00020576593621024486,full,no_tracking_response
regression,epa,random_forest,qb_location,U,2883,,,,,1.6722990159138078,1.1984270007007043,2883,,,,,1.6720709429022163,1.1980518942642107,,,,,-0.00022807301159155635,-0.00037510643649363296,full,no_tracking_response
regression,epa,random_forest,score_state,leading_big,2264,,,,,1.817511295584046,1.3006249932042366,2264,,,,,1.8175162316977647,1.300886740412476,,,,,4.936113718656543e-06,0.00026174720823934905,full,no_tracking_response
regression,epa,random_forest,score_state,one_score,12762,,,,,1.7532500662005994,1.2027284992774312,12762,,,,,1.7534685941360064,1.2029001668270736,,,,,0.000218527935406998,0.00017166754964237363,full,no_tracking_response
regression,epa,random_forest,score_state,trailing_big,5090,,,,,1.7933607312527964,1.2459045415381202,5090,,,,,1.793876840171081,1.2459234507484878,,,,,0.0005161089182845746,1.8909210367512586e-05,full,no_tracking_response
regression,epa,random_forest,starting_hash,0,227,,,,,1.8811642112699158,1.3541331230850422,227,,,,,1.8823473591342312,1.3548602585477931,,,,,0.0011831478643153925,0.0007271354627509385,full,no_tracking_response
regression,epa,random_forest,starting_hash,L,9159,,,,,1.786356842361288,1.2348761895542806,9159,,,,,1.786713038821477,1.2351690200444398,,,,,0.0003561964601888068,0.0002928304901592682,full,no_tracking_response
regression,epa,random_forest,starting_hash,M,2114,,,,,1.8012222926108326,1.248881938536701,2114,,,,,1.8014832073292895,1.2488596952893596,,,,,0.00026091471845690606,-2.2243247341346972e-05,full,no_tracking_response
regression,epa,random_forest,starting_hash,R,8616,,,,,1.7434347595929498,1.2044724410036507,8616,,,,,1.743587510089126,1.2044816787989414,,,,,0.00015275049617624603,9.237795290717443e-06,full,no_tracking_response
regression,epa,ridge_regression,box_bucket,light_box,5752,,,,,1.748559602974394,1.2250442646099353,5752,,,,,1.7475413350418925,1.2234306151200873,,,,,-0.001018267932501482,-0.0016136494898479903,full,no_tracking_response
regression,epa,ridge_regression,box_bucket,loaded_box,509,,,,,1.9800059237640826,1.4556998040233797,509,,,,,1.9853892722093767,1.46246732615198,,,,,0.005383348445294089,0.006767522128600323,full,no_tracking_response
regression,epa,ridge_regression,box_bucket,standard_box,13855,,,,,1.718587930449451,1.2361282863181817,13855,,,,,1.719219000573256,1.2363272009839157,,,,,0.0006310701238050331,0.00019891466573396244,full,no_tracking_response
regression,epa,ridge_regression,distance_bucket,long,13759,,,,,1.62137512368173,1.115146398291137,13759,,,,,1.620287612273464,1.1138999423260125,,,,,-0.0010875114082660176,-0.0012464559651244045,full,no_tracking_response
regression,epa,ridge_regression,distance_bucket,medium,4319,,,,,1.9164502924422242,1.446909688088118,4319,,,,,1.9185556858156514,1.4485043345221333,,,,,0.002105393373427189,0.001594646434015301,full,no_tracking_response
regression,epa,ridge_regression,distance_bucket,short,2038,,,,,2.0386568773792426,1.6297649559775866,2038,,,,,2.0427540455923023,1.6332888172470827,,,,,0.004097168213059721,0.003523861269496109,full,no_tracking_response
regression,epa,ridge_regression,down_bucket,early_down,14162,,,,,1.5290190302649465,1.072174721875673,14162,,,,,1.5289436615832506,1.0717581543801922,,,,,-7.536868169588651e-05,-0.00041656749548080185,full,no_tracking_response
regression,epa,ridge_regression,down_bucket,late_down,5954,,,,,2.1449818674983248,1.634166074239062,5954,,,,,2.1459099689843963,1.6346394280285472,,,,,0.0009281014860715864,0.0004733537894852091,full,no_tracking_response
regression,epa,ridge_regression,field_zone,backed_up,11014,,,,,1.6522295211125275,1.1794939290261106,11014,,,,,1.6507203840957885,1.1779308335913985,,,,,-0.0015091370167390483,-0.001563095434712114,full,no_tracking_response
regression,epa,ridge_regression,field_zone,red_zone,2754,,,,,1.9166349858861476,1.3607000285419566,2754,,,,,1.9239257393918554,1.3666596249393839,,,,,0.007290753505707848,0.005959596397427269,full,no_tracking_response
regression,epa,ridge_regression,field_zone,scoring_range,6348,,,,,1.789130574821601,1.2879094524770838,6348,,,,,1.7890528244384358,1.2875506188650803,,,,,-7.775038316526484e-05,-0.0003588336120035063,full,no_tracking_response
regression,epa,ridge_regression,pressure_bucket,standard_rush,20115,,,,,1.7342202305295116,1.238443812647137,20115,,,,,1.7345124878068412,1.2382901247821165,,,,,0.0002922572773296217,-0.00015368786502056864,full,no_tracking_response
regression,epa,ridge_regression,qb_location,0,225,,,,,1.775439006579103,1.2636874041206594,225,,,,,1.7774865759484586,1.2640274606169493,,,,,0.002047569369355573,0.00034005649628987555,full,no_tracking_response
regression,epa,ridge_regression,qb_location,P,666,,,,,1.6994382831020909,1.201432759955118,666,,,,,1.6892004049272582,1.1891413359973069,,,,,-0.010237878174832682,-0.012291423957811132,full,no_tracking_response
regression,epa,ridge_regression,qb_location,S,16342,,,,,1.7481088283319781,1.247083673388669,16342,,,,,1.7475289545147803,1.2457914634228944,,,,,-0.0005798738171978179,-0.0012922099657746156,full,no_tracking_response
regression,epa,ridge_regression,qb_location,U,2883,,,,,1.6586412131424924,1.1965445517335314,2883,,,,,1.66646917872008,1.2056135043858103,,,,,0.007827965577587692,0.009068952652278917,full,no_tracking_response
regression,epa,ridge_regression,score_state,leading_big,2264,,,,,1.7574847189948535,1.2736086392725545,2264,,,,,1.7576199739437701,1.273486608619696,,,,,0.00013525494891664103,-0.00012203065285842918,full,no_tracking_response
regression,epa,ridge_regression,score_state,one_score,12762,,,,,1.7268576743079405,1.2314766400284591,12762,,,,,1.7274858333419316,1.231644844954367,,,,,0.0006281590339911602,0.00016820492590796654,full,no_tracking_response
regression,epa,ridge_regression,score_state,trailing_big,5090,,,,,1.7424364028594903,1.240551744178074,5090,,,,,1.74196722095051,1.2395789673068034,,,,,-0.00046918190898037615,-0.0009727768712706197,full,no_tracking_response
regression,epa,ridge_regression,starting_hash,0,227,,,,,1.7757692053432441,1.266272125515603,227,,,,,1.7784167231110988,1.2675222655593057,,,,,0.002647517767854657,0.0012501400437026078,full,no_tracking_response
regression,epa,ridge_regression,starting_hash,L,9159,,,,,1.7541307293109634,1.251212677478008,9159,,,,,1.7549679402239464,1.2517315521132628,,,,,0.0008372109129830552,0.0005188746352549067,full,no_tracking_response
regression,epa,ridge_regression,starting_hash,M,2114,,,,,1.7402360478946979,1.2348304564236667,2114,,,,,1.740394432128873,1.2343646138882673,,,,,0.00015838423417502412,-0.0004658425353993856,full,no_tracking_response
regression,epa,ridge_regression,starting_hash,R,8616,,,,,1.7103195532175792,1.2251892928075567,8616,,,,,1.7099882902953085,1.224361478988756,,,,,-0.0003312629222707031,-0.0008278138188007045,full,no_tracking_response
